Datetime,producers,consumers,TaskId,ServiceName,ClusterName,AvailabilityZone,Timestamp,CpuUtilized,CpuReserved,MemoryUtilized,MemoryReserved,NetworkRxBytes,NetworkRxDropped,NetworkRxErrors,NetworkRxPackets,NetworkTxBytes,NetworkTxDropped,NetworkTxErrors,NetworkTxPackets,EphemeralStorageReserved,dnsName,redis_time
2022-03-24 07:20:00,,,3de5573ab5214e279a551628ec15c34a,kl-research-live-backend,kl-research,ap-northeast-2a,1648106400000,4.281316782633463,2048.0,575,4096,926,0,0,8235760,1415,0,0,10187856,21.47,ip-172-19-37-179.ap-northeast-2.compute.internal,
2022-03-24 07:20:00,,,c7d35ff1ddda4377a3a30ddf41e91c59,kl-research-live-sfu,kl-research,ap-northeast-2c,1648106400000,2.3730601501464843,4096.0,112,8192,1662,0,0,72234480,1309,0,0,158441427,21.47,ip-172-19-232-62.ap-northeast-2.compute.internal,
2022-03-24 07:20:00,,,3d3c2db734194c9386e1527246c787c1,kl-research-live-sfu-gateway,kl-research,ap-northeast-2c,1648106400000,19.884380696614585,2048.0,256,4096,429,0,0,1661663,731,0,0,1676503,21.47,ip-172-19-141-127.ap-northeast-2.compute.internal,
2022-03-24 07:20:00,,,8b7d8ded7c9d4ec8a7268886902a1c9b,kl-research-live-sfu,kl-research,ap-northeast-2a,1648106400000,2.1290012105305984,4096.0,80,8192,1719,0,0,902271,1359,0,0,358174,21.47,ip-172-19-193-142.ap-northeast-2.compute.internal,
2022-03-24 07:20:00,,,3afe4ddd503e4a94adbf60ebe5466054,kl-research-live-sfu,kl-research,ap-northeast-2b,1648106400000,1.8030422465006513,4096.0,98,8192,1564,0,0,37838652,1307,0,0,81373460,21.47,ip-172-19-218-74.ap-northeast-2.compute.internal,
2022-03-24 07:19:00,,,8b7d8ded7c9d4ec8a7268886902a1c9b,kl-research-live-sfu,kl-research,ap-northeast-2a,1648106340000,2.102731374104818,4096.0,80,8192,1739,0,0,901858,1383,0,0,357739,21.47,ip-172-19-193-142.ap-northeast-2.compute.internal,
2022-03-24 07:19:00,,,c7d35ff1ddda4377a3a30ddf41e91c59,kl-research-live-sfu,kl-research,ap-northeast-2c,1648106340000,2.337654774983724,4096.0,113,8192,1662,0,0,72234084,1304,0,0,158441001,21.47,ip-172-19-232-62.ap-northeast-2.compute.internal,
2022-03-24 07:19:00,,,3de5573ab5214e279a551628ec15c34a,kl-research-live-backend,kl-research,ap-northeast-2a,1648106340000,4.410503896077474,2048.0,575,4096,923,0,0,8235152,1412,0,0,10187219,21.47,ip-172-19-37-179.ap-northeast-2.compute.internal,
2022-03-24 07:19:00,,,3d3c2db734194c9386e1527246c787c1,kl-research-live-sfu-gateway,kl-research,ap-northeast-2c,1648106340000,18.889881591796875,2048.0,255,4096,408,0,0,1661350,667,0,0,1676108,21.47,ip-172-19-141-127.ap-northeast-2.compute.internal,
2022-03-24 07:19:00,,,3afe4ddd503e4a94adbf60ebe5466054,kl-research-live-sfu,kl-research,ap-northeast-2b,1648106340000,1.8501919047037763,4096.0,98,8192,1557,0,0,37838247,1309,0,0,81373031,21.47,ip-172-19-218-74.ap-northeast-2.compute.internal,
2022-03-24 07:18:00,,,3de5573ab5214e279a551628ec15c34a,kl-research-live-backend,kl-research,ap-northeast-2a,1648106280000,4.334692179361979,2048.0,575,4096,922,0,0,8234547,1412,0,0,10186583,21.47,ip-172-19-37-179.ap-northeast-2.compute.internal,
2022-03-24 07:18:00,,,3d3c2db734194c9386e1527246c787c1,kl-research-live-sfu-gateway,kl-research,ap-northeast-2c,1648106280000,19.2085595703125,2048.0,255,4096,408,0,0,1661048,669,0,0,1675721,21.47,ip-172-19-141-127.ap-northeast-2.compute.internal,
2022-03-24 07:18:00,,,3afe4ddd503e4a94adbf60ebe5466054,kl-research-live-sfu,kl-research,ap-northeast-2b,1648106280000,2.0107901509602866,4096.0,98,8192,1557,0,0,37837850,1305,0,0,81372600,21.47,ip-172-19-218-74.ap-northeast-2.compute.internal,
2022-03-24 07:18:00,,,8b7d8ded7c9d4ec8a7268886902a1c9b,kl-research-live-sfu,kl-research,ap-northeast-2a,1648106280000,3.0079642740885415,4096.0,80,8192,1699,0,0,901433,1342,0,0,357294,21.47,ip-172-19-193-142.ap-northeast-2.compute.internal,
2022-03-24 07:18:00,,,c7d35ff1ddda4377a3a30ddf41e91c59,kl-research-live-sfu,kl-research,ap-northeast-2c,1648106280000,2.5627445475260413,4096.0,114,8192,1664,0,0,72233688,1304,0,0,158440577,21.47,ip-172-19-232-62.ap-northeast-2.compute.internal,
2022-03-24 07:17:00,,,3de5573ab5214e279a551628ec15c34a,kl-research-live-backend,kl-research,ap-northeast-2a,1648106220000,4.334712727864583,2048.0,575,4096,925,0,0,8233943,1408,0,0,10185948,21.47,ip-172-19-37-179.ap-northeast-2.compute.internal,
2022-03-24 07:17:00,,,c7d35ff1ddda4377a3a30ddf41e91c59,kl-research-live-sfu,kl-research,ap-northeast-2c,1648106220000,2.575010528564453,4096.0,114,8192,1667,0,0,72233290,1312,0,0,158440151,21.47,ip-172-19-232-62.ap-northeast-2.compute.internal,
2022-03-24 07:17:00,,,3d3c2db734194c9386e1527246c787c1,kl-research-live-sfu-gateway,kl-research,ap-northeast-2c,1648106220000,19.150375162760415,2048.0,255,4096,409,0,0,1660745,668,0,0,1675334,21.47,ip-172-19-141-127.ap-northeast-2.compute.internal,
2022-03-24 07:17:00,,,3afe4ddd503e4a94adbf60ebe5466054,kl-research-live-sfu,kl-research,ap-northeast-2b,1648106220000,1.9370433044433593,4096.0,98,8192,1561,0,0,37837454,1313,0,0,81372173,21.47,ip-172-19-218-74.ap-northeast-2.compute.internal,
2022-03-24 07:17:00,,,8b7d8ded7c9d4ec8a7268886902a1c9b,kl-research-live-sfu,kl-research,ap-northeast-2a,1648106220000,2.2440401204427083,4096.0,80,8192,1717,0,0,901022,1364,0,0,356858,21.47,ip-172-19-193-142.ap-northeast-2.compute.internal,
2022-03-24 07:16:00,,,c7d35ff1ddda4377a3a30ddf41e91c59,kl-research-live-sfu,kl-research,ap-northeast-2c,1648106160000,2.5769862365722656,4096.0,114,8192,1658,0,0,72232897,1304,0,0,158439724,21.47,ip-172-19-232-62.ap-northeast-2.compute.internal,
2022-03-24 07:16:00,,,3afe4ddd503e4a94adbf60ebe5466054,kl-research-live-sfu,kl-research,ap-northeast-2b,1648106160000,2.180727030436198,4096.0,98,8192,1558,0,0,37837056,1309,0,0,81371740,21.47,ip-172-19-218-74.ap-northeast-2.compute.internal,
2022-03-24 07:16:00,,,3d3c2db734194c9386e1527246c787c1,kl-research-live-sfu-gateway,kl-research,ap-northeast-2c,1648106160000,19.14347045898438,2048.0,255,4096,400,0,0,1660440,661,0,0,1674945,21.47,ip-172-19-141-127.ap-northeast-2.compute.internal,
2022-03-24 07:16:00,,,3de5573ab5214e279a551628ec15c34a,kl-research-live-backend,kl-research,ap-northeast-2a,1648106160000,4.264403432210286,2048.0,575,4096,954,0,0,8233336,1608,0,0,10185314,21.47,ip-172-19-37-179.ap-northeast-2.compute.internal,
2022-03-24 07:16:00,,,8b7d8ded7c9d4ec8a7268886902a1c9b,kl-research-live-sfu,kl-research,ap-northeast-2a,1648106160000,2.432303161621094,4096.0,79,8192,1719,0,0,900611,1360,0,0,356420,21.47,ip-172-19-193-142.ap-northeast-2.compute.internal,
2022-03-24 07:15:00,,,c7d35ff1ddda4377a3a30ddf41e91c59,kl-research-live-sfu,kl-research,ap-northeast-2c,1648106100000,2.3713319396972654,4096.0,113,8192,1662,0,0,72232504,1303,0,0,158439298,21.47,ip-172-19-232-62.ap-northeast-2.compute.internal,
2022-03-24 07:15:00,,,3d3c2db734194c9386e1527246c787c1,kl-research-live-sfu-gateway,kl-research,ap-northeast-2c,1648106100000,19.552003173828126,2048.0,257,4096,407,0,0,1660143,673,0,0,1674566,21.47,ip-172-19-141-127.ap-northeast-2.compute.internal,
2022-03-24 07:15:00,,,3afe4ddd503e4a94adbf60ebe5466054,kl-research-live-sfu,kl-research,ap-northeast-2b,1648106100000,1.8862276713053385,4096.0,98,8192,1559,0,0,37836657,1310,0,0,81371309,21.47,ip-172-19-218-74.ap-northeast-2.compute.internal,
2022-03-24 07:15:00,,,8b7d8ded7c9d4ec8a7268886902a1c9b,kl-research-live-sfu,kl-research,ap-northeast-2a,1648106100000,2.29237314860026,4096.0,79,8192,1728,0,0,900193,1373,0,0,355980,21.47,ip-172-19-193-142.ap-northeast-2.compute.internal,
2022-03-24 07:15:00,,,3de5573ab5214e279a551628ec15c34a,kl-research-live-backend,kl-research,ap-northeast-2a,1648106100000,4.195472361246744,2048.0,575,4096,923,0,0,8232716,1414,0,0,10184663,21.47,ip-172-19-37-179.ap-northeast-2.compute.internal,
2022-03-24 07:14:00,,,c7d35ff1ddda4377a3a30ddf41e91c59,kl-research-live-sfu,kl-research,ap-northeast-2c,1648106040000,2.395602823893229,4096.0,114,8192,1662,0,0,72232108,1303,0,0,158438872,21.47,ip-172-19-232-62.ap-northeast-2.compute.internal,
2022-03-24 07:14:00,,,8b7d8ded7c9d4ec8a7268886902a1c9b,kl-research-live-sfu,kl-research,ap-northeast-2a,1648106040000,2.303575998942057,4096.0,79,8192,1724,0,0,899773,1370,0,0,355534,21.47,ip-172-19-193-142.ap-northeast-2.compute.internal,
2022-03-24 07:14:00,,,3afe4ddd503e4a94adbf60ebe5466054,kl-research-live-sfu,kl-research,ap-northeast-2b,1648106040000,2.013158721923828,4096.0,98,8192,1559,0,0,37836256,1305,0,0,81370876,21.47,ip-172-19-218-74.ap-northeast-2.compute.internal,
2022-03-24 07:14:00,,,3d3c2db734194c9386e1527246c787c1,kl-research-live-sfu-gateway,kl-research,ap-northeast-2c,1648106040000,19.644291585286457,2048.0,260,4096,408,0,0,1659840,667,0,0,1674177,21.47,ip-172-19-141-127.ap-northeast-2.compute.internal,
2022-03-24 07:14:00,,,3de5573ab5214e279a551628ec15c34a,kl-research-live-backend,kl-research,ap-northeast-2a,1648106040000,4.272067209879558,2048.0,575,4096,919,0,0,8232110,1418,0,0,10184027,21.47,ip-172-19-37-179.ap-northeast-2.compute.internal,
2022-03-24 07:13:00,0,0,3afe4ddd503e4a94adbf60ebe5466054,kl-research-live-sfu,kl-research,ap-northeast-2b,1648105980000,2.0434403483072914,4096.0,98,8192,1560,0,0,37835858,1307,0,0,81370448,21.47,ip-172-19-218-74.ap-northeast-2.compute.internal,2022-03-24 07:12:40
2022-03-24 07:13:00,0,0,8b7d8ded7c9d4ec8a7268886902a1c9b,kl-research-live-sfu,kl-research,ap-northeast-2a,1648105980000,2.563532511393229,4096.0,79,8192,1704,0,0,899355,1342,0,0,355091,21.47,ip-172-19-193-142.ap-northeast-2.compute.internal,2022-03-24 07:12:41
2022-03-24 07:13:00,,,3de5573ab5214e279a551628ec15c34a,kl-research-live-backend,kl-research,ap-northeast-2a,1648105980000,4.390833485921224,2048.0,574,4096,954,0,0,8231509,1593,0,0,10183389,21.47,ip-172-19-37-179.ap-northeast-2.compute.internal,
2022-03-24 07:13:00,0,0,c7d35ff1ddda4377a3a30ddf41e91c59,kl-research-live-sfu,kl-research,ap-northeast-2c,1648105980000,2.7217698669433594,4096.0,114,8192,1661,0,0,72231712,1302,0,0,158438447,21.47,ip-172-19-232-62.ap-northeast-2.compute.internal,2022-03-24 07:12:42
2022-03-24 07:13:00,,,3d3c2db734194c9386e1527246c787c1,kl-research-live-sfu-gateway,kl-research,ap-northeast-2c,1648105980000,19.62344563802083,2048.0,258,4096,408,0,0,1659536,666,0,0,1673790,21.47,ip-172-19-141-127.ap-northeast-2.compute.internal,
2022-03-24 07:12:00,,,3d3c2db734194c9386e1527246c787c1,kl-research-live-sfu-gateway,kl-research,ap-northeast-2c,1648105920000,19.94934122721354,2048.0,255,4096,416,0,0,1659234,666,0,0,1673403,21.47,ip-172-19-141-127.ap-northeast-2.compute.internal,
2022-03-24 07:12:00,,,3de5573ab5214e279a551628ec15c34a,kl-research-live-backend,kl-research,ap-northeast-2a,1648105920000,4.248170166015625,2048.0,575,4096,927,0,0,8230887,1412,0,0,10182743,21.47,ip-172-19-37-179.ap-northeast-2.compute.internal,
2022-03-24 07:12:00,0,0,8b7d8ded7c9d4ec8a7268886902a1c9b,kl-research-live-sfu,kl-research,ap-northeast-2a,1648105920000,2.1142705790201823,4096.0,79,8192,1719,0,0,898942,1361,0,0,354657,21.47,ip-172-19-193-142.ap-northeast-2.compute.internal,2022-03-24 07:11:41
2022-03-24 07:12:00,0,0,3afe4ddd503e4a94adbf60ebe5466054,kl-research-live-sfu,kl-research,ap-northeast-2b,1648105920000,2.122990010579427,4096.0,98,8192,1563,0,0,37835461,1308,0,0,81370022,21.47,ip-172-19-218-74.ap-northeast-2.compute.internal,2022-03-24 07:11:40
2022-03-24 07:12:00,0,0,c7d35ff1ddda4377a3a30ddf41e91c59,kl-research-live-sfu,kl-research,ap-northeast-2c,1648105920000,2.39786376953125,4096.0,113,8192,1664,0,0,72231317,1305,0,0,158438022,21.47,ip-172-19-232-62.ap-northeast-2.compute.internal,2022-03-24 07:11:42
2022-03-24 07:11:00,0,0,8b7d8ded7c9d4ec8a7268886902a1c9b,kl-research-live-sfu,kl-research,ap-northeast-2a,1648105860000,2.283146718343099,4096.0,79,8192,1742,0,0,898524,1390,0,0,354216,21.47,ip-172-19-193-142.ap-northeast-2.compute.internal,2022-03-24 07:10:41
2022-03-24 07:11:00,0,0,c7d35ff1ddda4377a3a30ddf41e91c59,kl-research-live-sfu,kl-research,ap-northeast-2c,1648105860000,2.8719664510091145,4096.0,114,8192,1663,0,0,72230920,1302,0,0,158437597,21.47,ip-172-19-232-62.ap-northeast-2.compute.internal,2022-03-24 07:10:42
2022-03-24 07:11:00,,,3d3c2db734194c9386e1527246c787c1,kl-research-live-sfu-gateway,kl-research,ap-northeast-2c,1648105860000,19.860908203125003,2048.0,253,4096,409,0,0,1658922,665,0,0,1673016,21.47,ip-172-19-141-127.ap-northeast-2.compute.internal,
2022-03-24 07:11:00,0,0,3afe4ddd503e4a94adbf60ebe5466054,kl-research-live-sfu,kl-research,ap-northeast-2b,1648105860000,2.0284742736816406,4096.0,98,8192,1556,0,0,37835059,1307,0,0,81369592,21.47,ip-172-19-218-74.ap-northeast-2.compute.internal,2022-03-24 07:10:40
2022-03-24 07:11:00,,,3de5573ab5214e279a551628ec15c34a,kl-research-live-backend,kl-research,ap-northeast-2a,1648105860000,4.403948160807292,2048.0,574,4096,926,0,0,8230278,1409,0,0,10182105,21.47,ip-172-19-37-179.ap-northeast-2.compute.internal,
2022-03-24 07:10:00,0,0,8b7d8ded7c9d4ec8a7268886902a1c9b,kl-research-live-sfu,kl-research,ap-northeast-2a,1648105800000,2.3641776529947918,4096.0,79,8192,1745,0,0,898098,1388,0,0,353765,21.47,ip-172-19-193-142.ap-northeast-2.compute.internal,2022-03-24 07:09:41
2022-03-24 07:10:00,0,0,3afe4ddd503e4a94adbf60ebe5466054,kl-research-live-sfu,kl-research,ap-northeast-2b,1648105800000,1.7457747904459637,4096.0,98,8192,1563,0,0,37834661,1311,0,0,81369162,21.47,ip-172-19-218-74.ap-northeast-2.compute.internal,2022-03-24 07:09:40
2022-03-24 07:10:00,0,0,c7d35ff1ddda4377a3a30ddf41e91c59,kl-research-live-sfu,kl-research,ap-northeast-2c,1648105800000,2.4812035115559894,4096.0,114,8192,1663,0,0,72230524,1304,0,0,158437172,21.47,ip-172-19-232-62.ap-northeast-2.compute.internal,2022-03-24 07:09:42
2022-03-24 07:10:00,,,3de5573ab5214e279a551628ec15c34a,kl-research-live-backend,kl-research,ap-northeast-2a,1648105800000,4.084937184651693,2048.0,575,4096,930,0,0,8229671,1410,0,0,10181471,21.47,ip-172-19-37-179.ap-northeast-2.compute.internal,
2022-03-24 07:10:00,,,3d3c2db734194c9386e1527246c787c1,kl-research-live-sfu-gateway,kl-research,ap-northeast-2c,1648105800000,20.251955973307293,2048.0,251,4096,410,0,0,1658618,670,0,0,1672629,21.47,ip-172-19-141-127.ap-northeast-2.compute.internal,
2022-03-24 07:09:00,0,0,3afe4ddd503e4a94adbf60ebe5466054,kl-research-live-sfu,kl-research,ap-northeast-2b,1648105740000,2.297432556152344,4096.0,98,8192,1561,0,0,37834258,1312,0,0,81368727,21.47,ip-172-19-218-74.ap-northeast-2.compute.internal,2022-03-24 07:08:40
2022-03-24 07:09:00,,,3de5573ab5214e279a551628ec15c34a,kl-research-live-backend,kl-research,ap-northeast-2a,1648105740000,4.386736806233724,2048.0,595,4096,930,0,0,8229060,1420,0,0,10180836,21.47,ip-172-19-37-179.ap-northeast-2.compute.internal,
2022-03-24 07:09:00,,,3d3c2db734194c9386e1527246c787c1,kl-research-live-sfu-gateway,kl-research,ap-northeast-2c,1648105740000,19.639148763020835,2048.0,249,4096,448,0,0,1658313,766,0,0,1672241,21.47,ip-172-19-141-127.ap-northeast-2.compute.internal,
2022-03-24 07:09:00,0,0,c7d35ff1ddda4377a3a30ddf41e91c59,kl-research-live-sfu,kl-research,ap-northeast-2c,1648105740000,2.3700091552734377,4096.0,113,8192,1663,0,0,72230128,1303,0,0,158436748,21.47,ip-172-19-232-62.ap-northeast-2.compute.internal,2022-03-24 07:08:42
2022-03-24 07:09:00,0,0,8b7d8ded7c9d4ec8a7268886902a1c9b,kl-research-live-sfu,kl-research,ap-northeast-2a,1648105740000,2.580437266031901,4096.0,79,8192,1714,0,0,897676,1360,0,0,353319,21.47,ip-172-19-193-142.ap-northeast-2.compute.internal,2022-03-24 07:08:41
2022-03-24 07:08:00,2,2,3afe4ddd503e4a94adbf60ebe5466054,kl-research-live-sfu,kl-research,ap-northeast-2b,1648105680000,3.027418924967448,4096.0,101,8192,2296,0,0,37833851,2272,0,0,81368288,21.47,ip-172-19-218-74.ap-northeast-2.compute.internal,2022-03-24 07:07:40
2022-03-24 07:08:00,,,3d3c2db734194c9386e1527246c787c1,kl-research-live-sfu-gateway,kl-research,ap-northeast-2c,1648105680000,46.70953450520833,2048.0,248,4096,3293,0,0,1657952,3346,0,0,1671799,21.47,ip-172-19-141-127.ap-northeast-2.compute.internal,
2022-03-24 07:08:00,6,0,8b7d8ded7c9d4ec8a7268886902a1c9b,kl-research-live-sfu,kl-research,ap-northeast-2a,1648105680000,3.3604386901855468,4096.0,80,8192,8505,0,0,897259,2504,0,0,352876,21.47,ip-172-19-193-142.ap-northeast-2.compute.internal,2022-03-24 07:07:41
2022-03-24 07:08:00,,,3de5573ab5214e279a551628ec15c34a,kl-research-live-backend,kl-research,ap-northeast-2a,1648105680000,26.27828857421875,2048.0,606,4096,7794,0,0,8228401,10645,0,0,10180132,21.47,ip-172-19-37-179.ap-northeast-2.compute.internal,
2022-03-24 07:08:00,4,0,c7d35ff1ddda4377a3a30ddf41e91c59,kl-research-live-sfu,kl-research,ap-northeast-2c,1648105680000,4.5736683654785155,4096.0,117,8192,6418,0,0,72229730,2720,0,0,158436320,21.47,ip-172-19-232-62.ap-northeast-2.compute.internal,2022-03-24 07:07:42
2022-03-24 07:07:00,,,3de5573ab5214e279a551628ec15c34a,kl-research-live-backend,kl-research,ap-northeast-2a,1648105620000,139.53072265625,2048.0,607,4096,32950,0,0,8222227,44183,0,0,10173114,21.47,ip-172-19-37-179.ap-northeast-2.compute.internal,
2022-03-24 07:07:00,4,0,c7d35ff1ddda4377a3a30ddf41e91c59,kl-research-live-sfu,kl-research,ap-northeast-2c,1648105620000,14.749568684895833,4096.0,136,8192,34671,0,0,72227434,7034,0,0,158435046,21.47,ip-172-19-232-62.ap-northeast-2.compute.internal,2022-03-24 07:06:42
2022-03-24 07:07:00,2,2,3afe4ddd503e4a94adbf60ebe5466054,kl-research-live-sfu,kl-research,ap-northeast-2b,1648105620000,7.212735595703125,4096.0,120,8192,3909,0,0,37832894,4888,0,0,81367295,21.47,ip-172-19-218-74.ap-northeast-2.compute.internal,2022-03-24 07:06:40
2022-03-24 07:07:00,6,0,8b7d8ded7c9d4ec8a7268886902a1c9b,kl-research-live-sfu,kl-research,ap-northeast-2a,1648105620000,9.276604817708334,4096.0,85,8192,33645,0,0,894639,4184,0,0,351807,21.47,ip-172-19-193-142.ap-northeast-2.compute.internal,2022-03-24 07:06:41
2022-03-24 07:07:00,,,3d3c2db734194c9386e1527246c787c1,kl-research-live-sfu-gateway,kl-research,ap-northeast-2c,1648105620000,47.14024414062499,2048.0,272,4096,15841,0,0,1654892,13995,0,0,1668603,21.47,ip-172-19-141-127.ap-northeast-2.compute.internal,
2022-03-24 07:06:00,,,3d3c2db734194c9386e1527246c787c1,kl-research-live-sfu-gateway,kl-research,ap-northeast-2c,1648105560000,59.9771630859375,2048.0,269,4096,28103,0,0,1642975,25078,0,0,1656134,21.47,ip-172-19-141-127.ap-northeast-2.compute.internal,
2022-03-24 07:06:00,6,0,8b7d8ded7c9d4ec8a7268886902a1c9b,kl-research-live-sfu,kl-research,ap-northeast-2a,1648105560000,8.86458780924479,4096.0,85,8192,33865,0,0,886610,4192,0,0,349662,21.47,ip-172-19-193-142.ap-northeast-2.compute.internal,2022-03-24 07:05:41
2022-03-24 07:06:00,6,0,c7d35ff1ddda4377a3a30ddf41e91c59,kl-research-live-sfu,kl-research,ap-northeast-2c,1648105560000,17.610235188802083,4096.0,158,8192,39004,0,0,72217500,9342,0,0,158430876,21.47,ip-172-19-232-62.ap-northeast-2.compute.internal,2022-03-24 07:05:42
2022-03-24 07:06:00,,,3de5573ab5214e279a551628ec15c34a,kl-research-live-backend,kl-research,ap-northeast-2a,1648105560000,305.4620963541667,2048.0,687,4096,63927,0,0,8197292,84668,0,0,10144184,21.47,ip-172-19-37-179.ap-northeast-2.compute.internal,
2022-03-24 07:06:00,4,2,3afe4ddd503e4a94adbf60ebe5466054,kl-research-live-sfu,kl-research,ap-northeast-2b,1648105560000,11.140413208007814,4096.0,145,8192,13434,0,0,37830034,7974,0,0,81364496,21.47,ip-172-19-218-74.ap-northeast-2.compute.internal,2022-03-24 07:05:40
2022-03-24 07:05:00,10,6,3afe4ddd503e4a94adbf60ebe5466054,kl-research-live-sfu,kl-research,ap-northeast-2b,1648105500000,13.627363688151043,4096.0,171,8192,23720,0,0,37822864,11131,0,0,81359072,21.47,ip-172-19-218-74.ap-northeast-2.compute.internal,2022-03-24 07:04:40
2022-03-24 07:05:00,,,3de5573ab5214e279a551628ec15c34a,kl-research-live-backend,kl-research,ap-northeast-2a,1648105500000,438.57526041666665,2048.0,768,4096,95674,0,0,8150129,126450,0,0,10089406,21.47,ip-172-19-37-179.ap-northeast-2.compute.internal,
2022-03-24 07:05:00,6,0,c7d35ff1ddda4377a3a30ddf41e91c59,kl-research-live-sfu,kl-research,ap-northeast-2c,1648105500000,23.39555419921875,4096.0,183,8192,56091,0,0,72204942,12763,0,0,158424584,21.47,ip-172-19-232-62.ap-northeast-2.compute.internal,2022-03-24 07:04:42
2022-03-24 07:05:00,,,3d3c2db734194c9386e1527246c787c1,kl-research-live-sfu-gateway,kl-research,ap-northeast-2c,1648105500000,64.77847819010417,2048.0,265,4096,41801,0,0,1621930,37321,0,0,1634226,21.47,ip-172-19-141-127.ap-northeast-2.compute.internal,
2022-03-24 07:05:00,8,2,8b7d8ded7c9d4ec8a7268886902a1c9b,kl-research-live-sfu,kl-research,ap-northeast-2a,1648105500000,12.477795003255208,4096.0,85,8192,33911,0,0,878468,4820,0,0,347523,21.47,ip-172-19-193-142.ap-northeast-2.compute.internal,2022-03-24 07:04:41
2022-03-24 07:04:00,12,2,8b7d8ded7c9d4ec8a7268886902a1c9b,kl-research-live-sfu,kl-research,ap-northeast-2a,1648105440000,18.11677490234375,4096.0,90,8192,62827,0,0,869926,21913,0,0,344911,21.47,ip-172-19-193-142.ap-northeast-2.compute.internal,2022-03-24 07:03:41
2022-03-24 07:04:00,,,3d3c2db734194c9386e1527246c787c1,kl-research-live-sfu-gateway,kl-research,ap-northeast-2c,1648105440000,104.1970703125,2048.0,272,4096,56832,0,0,1590590,50008,0,0,1601710,21.47,ip-172-19-141-127.ap-northeast-2.compute.internal,
2022-03-24 07:04:00,,,3de5573ab5214e279a551628ec15c34a,kl-research-live-backend,kl-research,ap-northeast-2a,1648105440000,595.2189453125,2048.0,907,4096,128934,0,0,8079831,170251,0,0,10007616,21.47,ip-172-19-37-179.ap-northeast-2.compute.internal,
2022-03-24 07:04:00,8,0,c7d35ff1ddda4377a3a30ddf41e91c59,kl-research-live-sfu,kl-research,ap-northeast-2c,1648105440000,28.209191894531248,4096.0,206,8192,72879,0,0,72187024,15897,0,0,158415469,21.47,ip-172-19-232-62.ap-northeast-2.compute.internal,2022-03-24 07:03:42
2022-03-24 07:04:00,10,6,3afe4ddd503e4a94adbf60ebe5466054,kl-research-live-sfu,kl-research,ap-northeast-2b,1648105440000,22.543986002604168,4096.0,197,8192,40939,0,0,37811410,15750,0,0,81350839,21.47,ip-172-19-218-74.ap-northeast-2.compute.internal,2022-03-24 07:03:40
2022-03-24 07:03:00,12,6,3afe4ddd503e4a94adbf60ebe5466054,kl-research-live-sfu,kl-research,ap-northeast-2b,1648105380000,29.107321777343753,4096.0,219,8192,47246,0,0,37793879,17893,0,0,81339360,21.47,ip-172-19-218-74.ap-northeast-2.compute.internal,2022-03-24 07:02:40
2022-03-24 07:03:00,8,0,c7d35ff1ddda4377a3a30ddf41e91c59,kl-research-live-sfu,kl-research,ap-northeast-2c,1648105380000,34.328631998697915,4096.0,233,8192,77558,0,0,72163697,18278,0,0,158403881,21.47,ip-172-19-232-62.ap-northeast-2.compute.internal,2022-03-24 07:02:42
2022-03-24 07:03:00,,,3de5573ab5214e279a551628ec15c34a,kl-research-live-backend,kl-research,ap-northeast-2a,1648105380000,749.999453125,2048.0,1009,4096,158822,0,0,7985566,212073,0,0,9897584,21.47,ip-172-19-37-179.ap-northeast-2.compute.internal,
2022-03-24 07:03:00,,,3d3c2db734194c9386e1527246c787c1,kl-research-live-sfu-gateway,kl-research,ap-northeast-2c,1648105380000,95.47964518229166,2048.0,274,4096,67905,0,0,1549348,60355,0,0,1558771,21.47,ip-172-19-141-127.ap-northeast-2.compute.internal,
2022-03-24 07:03:00,12,2,8b7d8ded7c9d4ec8a7268886902a1c9b,kl-research-live-sfu,kl-research,ap-northeast-2a,1648105380000,19.632788899739584,4096.0,91,8192,67159,0,0,853809,22335,0,0,337550,21.47,ip-172-19-193-142.ap-northeast-2.compute.internal,2022-03-24 07:02:41
2022-03-24 07:02:00,,,3de5573ab5214e279a551628ec15c34a,kl-research-live-backend,kl-research,ap-northeast-2a,1648105320000,900.5450260416666,2048.0,1061,4096,186603,0,0,7870026,256009,0,0,9758948,21.47,ip-172-19-37-179.ap-northeast-2.compute.internal,
2022-03-24 07:02:00,,,3d3c2db734194c9386e1527246c787c1,kl-research-live-sfu-gateway,kl-research,ap-northeast-2c,1648105320000,139.23920247395836,2048.0,275,4096,79825,0,0,1499263,70984,0,0,1506830,21.47,ip-172-19-141-127.ap-northeast-2.compute.internal,
2022-03-24 07:02:00,12,6,3afe4ddd503e4a94adbf60ebe5466054,kl-research-live-sfu,kl-research,ap-northeast-2b,1648105320000,31.57996826171875,4096.0,241,8192,62369,0,0,37773137,21118,0,0,81325626,21.47,ip-172-19-218-74.ap-northeast-2.compute.internal,2022-03-24 07:01:40
2022-03-24 07:02:00,18,2,8b7d8ded7c9d4ec8a7268886902a1c9b,kl-research-live-sfu,kl-research,ap-northeast-2a,1648105320000,21.314993082682292,4096.0,91,8192,74383,0,0,837040,23916,0,0,330150,21.47,ip-172-19-193-142.ap-northeast-2.compute.internal,2022-03-24 07:01:41
2022-03-24 07:02:00,8,0,c7d35ff1ddda4377a3a30ddf41e91c59,kl-research-live-sfu,kl-research,ap-northeast-2c,1648105320000,33.886953125,4096.0,256,8192,80187,0,0,72138025,20460,0,0,158390179,21.47,ip-172-19-232-62.ap-northeast-2.compute.internal,2022-03-24 07:01:42
2022-03-24 07:01:00,,,3d3c2db734194c9386e1527246c787c1,kl-research-live-sfu-gateway,kl-research,ap-northeast-2c,1648105260000,125.67158203125,2048.0,271,4096,93790,0,0,1440447,83173,0,0,1445841,21.47,ip-172-19-141-127.ap-northeast-2.compute.internal,
2022-03-24 07:01:00,12,6,3afe4ddd503e4a94adbf60ebe5466054,kl-research-live-sfu,kl-research,ap-northeast-2b,1648105260000,33.74294189453125,4096.0,261,8192,64927,0,0,37747474,23351,0,0,81309353,21.47,ip-172-19-218-74.ap-northeast-2.compute.internal,2022-03-24 07:00:40
2022-03-24 07:01:00,8,0,c7d35ff1ddda4377a3a30ddf41e91c59,kl-research-live-sfu,kl-research,ap-northeast-2c,1648105260000,36.67895100911458,4096.0,280,8192,83375,0,0,72110207,22852,0,0,158374467,21.47,ip-172-19-232-62.ap-northeast-2.compute.internal,2022-03-24 07:00:37
2022-03-24 07:01:00,20,4,8b7d8ded7c9d4ec8a7268886902a1c9b,kl-research-live-sfu,kl-research,ap-northeast-2a,1648105260000,34.547723795572914,4096.0,100,8192,120424,0,0,817763,31720,0,0,321946,21.47,ip-172-19-193-142.ap-northeast-2.compute.internal,2022-03-24 07:00:41
2022-03-24 07:01:00,,,3de5573ab5214e279a551628ec15c34a,kl-research-live-backend,kl-research,ap-northeast-2a,1648105260000,1004.628046875,2048.0,1109,4096,206720,0,0,7734877,292308,0,0,9591253,21.47,ip-172-19-37-179.ap-northeast-2.compute.internal,
2022-03-24 07:00:00,10,0,c7d35ff1ddda4377a3a30ddf41e91c59,kl-research-live-sfu,kl-research,ap-northeast-2c,1648105200000,39.793407389322915,4096.0,300,8192,85877,0,0,72080408,24840,0,0,158356608,21.47,ip-172-19-232-62.ap-northeast-2.compute.internal,2022-03-24 06:59:37
2022-03-24 07:00:00,,,3de5573ab5214e279a551628ec15c34a,kl-research-live-backend,kl-research,ap-northeast-2a,1648105200000,1092.9171354166667,2048.0,1168,4096,218356,0,0,7585658,311536,0,0,9399215,21.47,ip-172-19-37-179.ap-northeast-2.compute.internal,
2022-03-24 07:00:00,,,3d3c2db734194c9386e1527246c787c1,kl-research-live-sfu-gateway,kl-research,ap-northeast-2c,1648105200000,153.21147135416666,2048.0,259,4096,103474,0,0,1371702,92244,0,0,1374492,21.47,ip-172-19-141-127.ap-northeast-2.compute.internal,
2022-03-24 07:00:00,22,4,8b7d8ded7c9d4ec8a7268886902a1c9b,kl-research-live-sfu,kl-research,ap-northeast-2a,1648105200000,41.16678548177084,4096.0,102,8192,138839,0,0,787363,44690,0,0,310260,21.47,ip-172-19-193-142.ap-northeast-2.compute.internal,2022-03-24 06:59:41
2022-03-24 07:00:00,12,6,3afe4ddd503e4a94adbf60ebe5466054,kl-research-live-sfu,kl-research,ap-northeast-2b,1648105200000,28.147847493489582,4096.0,295,8192,67211,0,0,37719646,24978,0,0,81291087,21.47,ip-172-19-218-74.ap-northeast-2.compute.internal,2022-03-24 06:59:40
2022-03-24 06:59:00,14,0,c7d35ff1ddda4377a3a30ddf41e91c59,kl-research-live-sfu,kl-research,ap-northeast-2c,1648105140000,43.6076416015625,4096.0,323,8192,123034,0,0,72048564,29085,0,0,158336909,21.47,ip-172-19-232-62.ap-northeast-2.compute.internal,2022-03-24 06:58:37
2022-03-24 06:59:00,,,3de5573ab5214e279a551628ec15c34a,kl-research-live-backend,kl-research,ap-northeast-2a,1648105140000,1102.3877864583335,2048.0,1255,4096,237784,0,0,7431360,339798,0,0,9196474,21.47,ip-172-19-37-179.ap-northeast-2.compute.internal,
2022-03-24 06:59:00,24,6,8b7d8ded7c9d4ec8a7268886902a1c9b,kl-research-live-sfu,kl-research,ap-northeast-2a,1648105140000,46.194165039062504,4096.0,104,8192,183937,0,0,752470,55184,0,0,295385,21.47,ip-172-19-193-142.ap-northeast-2.compute.internal,2022-03-24 06:58:41
2022-03-24 06:59:00,,,3d3c2db734194c9386e1527246c787c1,kl-research-live-sfu-gateway,kl-research,ap-northeast-2c,1648105140000,180.07840494791665,2048.0,250,4096,117153,0,0,1295523,104591,0,0,1295549,21.47,ip-172-19-141-127.ap-northeast-2.compute.internal,
2022-03-24 06:59:00,12,6,3afe4ddd503e4a94adbf60ebe5466054,kl-research-live-sfu,kl-research,ap-northeast-2b,1648105140000,31.91971598307292,4096.0,315,8192,68426,0,0,37690064,27995,0,0,81271126,21.47,ip-172-19-218-74.ap-northeast-2.compute.internal,2022-03-24 06:58:40
2022-03-24 06:58:00,12,6,3afe4ddd503e4a94adbf60ebe5466054,kl-research-live-sfu,kl-research,ap-northeast-2b,1648105080000,25.8259326171875,4096.0,317,8192,69926,0,0,37658166,29517,0,0,81248811,21.47,ip-172-19-218-74.ap-northeast-2.compute.internal,2022-03-24 06:57:40
2022-03-24 06:58:00,,,3d3c2db734194c9386e1527246c787c1,kl-research-live-sfu-gateway,kl-research,ap-northeast-2c,1648105080000,187.9515625,2048.0,244,4096,127516,0,0,1208508,114357,0,0,1205577,21.47,ip-172-19-141-127.ap-northeast-2.compute.internal,
2022-03-24 06:58:00,,,3de5573ab5214e279a551628ec15c34a,kl-research-live-backend,kl-research,ap-northeast-2a,1648105080000,1128.7000260416664,2048.0,1278,4096,250523,0,0,7262578,357724,0,0,8978356,21.47,ip-172-19-37-179.ap-northeast-2.compute.internal,
2022-03-24 06:58:00,24,6,8b7d8ded7c9d4ec8a7268886902a1c9b,kl-research-live-sfu,kl-research,ap-northeast-2a,1648105080000,51.869005533854164,4096.0,106,8192,211592,0,0,711693,82558,0,0,278199,21.47,ip-172-19-193-142.ap-northeast-2.compute.internal,2022-03-24 06:57:41
2022-03-24 06:58:00,14,0,c7d35ff1ddda4377a3a30ddf41e91c59,kl-research-live-sfu,kl-research,ap-northeast-2c,1648105080000,53.11279459635417,4096.0,330,8192,168834,0,0,72009147,31899,0,0,158313994,21.47,ip-172-19-232-62.ap-northeast-2.compute.internal,2022-03-24 06:57:37
2022-03-24 06:57:00,,,3de5573ab5214e279a551628ec15c34a,kl-research-live-backend,kl-research,ap-northeast-2a,1648105020000,1146.30109375,2048.0,1273,4096,246146,0,0,7087626,350945,0,0,8752250,21.47,ip-172-19-37-179.ap-northeast-2.compute.internal,
2022-03-24 06:57:00,12,6,3afe4ddd503e4a94adbf60ebe5466054,kl-research-live-sfu,kl-research,ap-northeast-2b,1648105020000,32.61718180338542,4096.0,318,8192,70740,0,0,37624597,29260,0,0,81224613,21.47,ip-172-19-218-74.ap-northeast-2.compute.internal,2022-03-24 06:56:40
2022-03-24 06:57:00,,,3d3c2db734194c9386e1527246c787c1,kl-research-live-sfu-gateway,kl-research,ap-northeast-2c,1648105020000,189.47216796875,2048.0,232,4096,127964,0,0,1114286,114881,0,0,1108152,21.47,ip-172-19-141-127.ap-northeast-2.compute.internal,
2022-03-24 06:57:00,24,6,8b7d8ded7c9d4ec8a7268886902a1c9b,kl-research-live-sfu,kl-research,ap-northeast-2a,1648105020000,50.10006510416667,4096.0,106,8192,214825,0,0,667248,85224,0,0,257336,21.47,ip-172-19-193-142.ap-northeast-2.compute.internal,2022-03-24 06:56:41
2022-03-24 06:57:00,14,0,c7d35ff1ddda4377a3a30ddf41e91c59,kl-research-live-sfu,kl-research,ap-northeast-2c,1648105020000,50.17527180989583,4096.0,330,8192,168547,0,0,71962986,31691,0,0,158288460,21.47,ip-172-19-232-62.ap-northeast-2.compute.internal,2022-03-24 06:56:37
2022-03-24 06:56:00,24,6,8b7d8ded7c9d4ec8a7268886902a1c9b,kl-research-live-sfu,kl-research,ap-northeast-2a,1648104960000,49.831347656249996,4096.0,105,8192,215461,0,0,622271,85444,0,0,236255,21.47,ip-172-19-193-142.ap-northeast-2.compute.internal,2022-03-24 06:55:41
2022-03-24 06:56:00,,,3d3c2db734194c9386e1527246c787c1,kl-research-live-sfu-gateway,kl-research,ap-northeast-2c,1648104960000,182.43859375,2048.0,226,4096,128159,0,0,1019684,115002,0,0,1010356,21.47,ip-172-19-141-127.ap-northeast-2.compute.internal,
2022-03-24 06:56:00,12,6,3afe4ddd503e4a94adbf60ebe5466054,kl-research-live-sfu,kl-research,ap-northeast-2b,1648104960000,35.62222412109375,4096.0,318,8192,70784,0,0,37590712,29290,0,0,81200314,21.47,ip-172-19-218-74.ap-northeast-2.compute.internal,2022-03-24 06:55:40
2022-03-24 06:56:00,14,0,c7d35ff1ddda4377a3a30ddf41e91c59,kl-research-live-sfu,kl-research,ap-northeast-2c,1648104960000,54.048351236979165,4096.0,330,8192,171000,0,0,71916696,31715,0,0,158262820,21.47,ip-172-19-232-62.ap-northeast-2.compute.internal,2022-03-24 06:55:37
2022-03-24 06:56:00,,,3de5573ab5214e279a551628ec15c34a,kl-research-live-backend,kl-research,ap-northeast-2a,1648104960000,1089.121171875,2048.0,1275,4096,255288,0,0,6909693,364139,0,0,8520660,21.47,ip-172-19-37-179.ap-northeast-2.compute.internal,
2022-03-24 06:55:00,12,6,3afe4ddd503e4a94adbf60ebe5466054,kl-research-live-sfu,kl-research,ap-northeast-2b,1648104900000,37.93780110677083,4096.0,318,8192,70371,0,0,37556904,29288,0,0,81175994,21.47,ip-172-19-218-74.ap-northeast-2.compute.internal,2022-03-24 06:54:40
2022-03-24 06:55:00,,,3d3c2db734194c9386e1527246c787c1,kl-research-live-sfu-gateway,kl-research,ap-northeast-2c,1648104900000,177.5725260416667,2048.0,220,4096,128081,0,0,925020,115007,0,0,912483,21.47,ip-172-19-141-127.ap-northeast-2.compute.internal,
2022-03-24 06:55:00,,,3de5573ab5214e279a551628ec15c34a,kl-research-live-backend,kl-research,ap-northeast-2a,1648104900000,1100.4070833333333,2048.0,1272,4096,253377,0,0,6728226,364604,0,0,8286939,21.47,ip-172-19-37-179.ap-northeast-2.compute.internal,
2022-03-24 06:55:00,24,6,8b7d8ded7c9d4ec8a7268886902a1c9b,kl-research-live-sfu,kl-research,ap-northeast-2a,1648104900000,48.4537744140625,4096.0,105,8192,213823,0,0,577287,83581,0,0,215205,21.47,ip-172-19-193-142.ap-northeast-2.compute.internal,2022-03-24 06:54:41
2022-03-24 06:55:00,14,0,c7d35ff1ddda4377a3a30ddf41e91c59,kl-research-live-sfu,kl-research,ap-northeast-2c,1648104900000,53.88275227864583,4096.0,330,8192,167337,0,0,71870339,31699,0,0,158237172,21.47,ip-172-19-232-62.ap-northeast-2.compute.internal,2022-03-24 06:54:37
2022-03-24 06:54:00,14,0,c7d35ff1ddda4377a3a30ddf41e91c59,kl-research-live-sfu,kl-research,ap-northeast-2c,1648104840000,49.34150065104166,4096.0,330,8192,170388,0,0,71824315,31707,0,0,158211520,21.47,ip-172-19-232-62.ap-northeast-2.compute.internal,2022-03-24 06:53:37
2022-03-24 06:54:00,24,6,8b7d8ded7c9d4ec8a7268886902a1c9b,kl-research-live-sfu,kl-research,ap-northeast-2a,1648104840000,50.059252929687496,4096.0,105,8192,215972,0,0,532618,85547,0,0,194429,21.47,ip-172-19-193-142.ap-northeast-2.compute.internal,2022-03-24 06:53:41
2022-03-24 06:54:00,,,3de5573ab5214e279a551628ec15c34a,kl-research-live-backend,kl-research,ap-northeast-2a,1648104840000,1102.373203125,2048.0,1281,4096,249594,0,0,6551676,354519,0,0,8056900,21.47,ip-172-19-37-179.ap-northeast-2.compute.internal,
2022-03-24 06:54:00,,,3d3c2db734194c9386e1527246c787c1,kl-research-live-sfu-gateway,kl-research,ap-northeast-2c,1648104840000,183.50372395833335,2048.0,208,4096,127984,0,0,830435,114893,0,0,814656,21.47,ip-172-19-141-127.ap-northeast-2.compute.internal,
2022-03-24 06:54:00,12,6,3afe4ddd503e4a94adbf60ebe5466054,kl-research-live-sfu,kl-research,ap-northeast-2b,1648104840000,37.0205322265625,4096.0,318,8192,71209,0,0,37523070,29272,0,0,81151675,21.47,ip-172-19-218-74.ap-northeast-2.compute.internal,2022-03-24 06:53:40
2022-03-24 06:53:00,,,3d3c2db734194c9386e1527246c787c1,kl-research-live-sfu-gateway,kl-research,ap-northeast-2c,1648104780000,173.20830729166664,2048.0,202,4096,128079,0,0,735849,115028,0,0,716889,21.47,ip-172-19-141-127.ap-northeast-2.compute.internal,
2022-03-24 06:53:00,24,6,8b7d8ded7c9d4ec8a7268886902a1c9b,kl-research-live-sfu,kl-research,ap-northeast-2a,1648104780000,50.5521044921875,4096.0,105,8192,214570,0,0,487419,84147,0,0,173252,21.47,ip-172-19-193-142.ap-northeast-2.compute.internal,2022-03-24 06:52:41
2022-03-24 06:53:00,,,3de5573ab5214e279a551628ec15c34a,kl-research-live-backend,kl-research,ap-northeast-2a,1648104780000,1096.4268749999999,2048.0,1276,4096,248519,0,0,6372957,352090,0,0,7826422,21.47,ip-172-19-37-179.ap-northeast-2.compute.internal,
2022-03-24 06:53:00,14,0,c7d35ff1ddda4377a3a30ddf41e91c59,kl-research-live-sfu,kl-research,ap-northeast-2c,1648104780000,53.475146484374996,4096.0,330,8192,169812,0,0,71777828,31667,0,0,158185865,21.47,ip-172-19-232-62.ap-northeast-2.compute.internal,2022-03-24 06:52:37
2022-03-24 06:53:00,12,6,3afe4ddd503e4a94adbf60ebe5466054,kl-research-live-sfu,kl-research,ap-northeast-2b,1648104780000,38.30931070963542,4096.0,318,8192,71202,0,0,37489148,29294,0,0,81127361,21.47,ip-172-19-218-74.ap-northeast-2.compute.internal,2022-03-24 06:52:40
2022-03-24 06:52:00,24,6,8b7d8ded7c9d4ec8a7268886902a1c9b,kl-research-live-sfu,kl-research,ap-northeast-2a,1648104720000,53.96665201822916,4096.0,105,8192,214370,0,0,442824,84706,0,0,152405,21.47,ip-172-19-193-142.ap-northeast-2.compute.internal,2022-03-24 06:51:41
2022-03-24 06:52:00,14,0,c7d35ff1ddda4377a3a30ddf41e91c59,kl-research-live-sfu,kl-research,ap-northeast-2c,1648104720000,51.20000651041667,4096.0,330,8192,170460,0,0,71731424,31717,0,0,158160244,21.47,ip-172-19-232-62.ap-northeast-2.compute.internal,2022-03-24 06:51:37
2022-03-24 06:52:00,12,6,3afe4ddd503e4a94adbf60ebe5466054,kl-research-live-sfu,kl-research,ap-northeast-2b,1648104720000,35.30335367838541,4096.0,317,8192,70195,0,0,37455270,29253,0,0,81103038,21.47,ip-172-19-218-74.ap-northeast-2.compute.internal,2022-03-24 06:51:40
2022-03-24 06:52:00,,,3de5573ab5214e279a551628ec15c34a,kl-research-live-backend,kl-research,ap-northeast-2a,1648104720000,1136.5970052083333,2048.0,1276,4096,256381,0,0,6198240,365977,0,0,7599559,21.47,ip-172-19-37-179.ap-northeast-2.compute.internal,
2022-03-24 06:52:00,,,3d3c2db734194c9386e1527246c787c1,kl-research-live-sfu-gateway,kl-research,ap-northeast-2c,1648104720000,167.5867805989583,2048.0,191,4096,128129,0,0,641286,114925,0,0,619034,21.47,ip-172-19-141-127.ap-northeast-2.compute.internal,
2022-03-24 06:51:00,,,3d3c2db734194c9386e1527246c787c1,kl-research-live-sfu-gateway,kl-research,ap-northeast-2c,1648104660000,164.73724934895833,2048.0,182,4096,128156,0,0,546619,115039,0,0,521193,21.47,ip-172-19-141-127.ap-northeast-2.compute.internal,
2022-03-24 06:51:00,12,6,3afe4ddd503e4a94adbf60ebe5466054,kl-research-live-sfu,kl-research,ap-northeast-2b,1648104660000,39.84931070963542,4096.0,317,8192,70693,0,0,37421419,29282,0,0,81078736,21.47,ip-172-19-218-74.ap-northeast-2.compute.internal,2022-03-24 06:50:40
2022-03-24 06:51:00,24,6,8b7d8ded7c9d4ec8a7268886902a1c9b,kl-research-live-sfu,kl-research,ap-northeast-2a,1648104660000,49.99967936197917,4096.0,103,8192,215730,0,0,397972,85366,0,0,131438,21.47,ip-172-19-193-142.ap-northeast-2.compute.internal,2022-03-24 06:50:41
2022-03-24 06:51:00,14,0,c7d35ff1ddda4377a3a30ddf41e91c59,kl-research-live-sfu,kl-research,ap-northeast-2c,1648104660000,54.02520670572917,4096.0,330,8192,169431,0,0,71684960,31661,0,0,158134595,21.47,ip-172-19-232-62.ap-northeast-2.compute.internal,2022-03-24 06:50:37
2022-03-24 06:51:00,,,3de5573ab5214e279a551628ec15c34a,kl-research-live-backend,kl-research,ap-northeast-2a,1648104660000,1117.5407552083332,2048.0,1279,4096,246795,0,0,6016336,351893,0,0,7364573,21.47,ip-172-19-37-179.ap-northeast-2.compute.internal,
2022-03-24 06:50:00,24,6,8b7d8ded7c9d4ec8a7268886902a1c9b,kl-research-live-sfu,kl-research,ap-northeast-2a,1648104600000,51.21452636718751,4096.0,103,8192,215143,0,0,353052,84161,0,0,110383,21.47,ip-172-19-193-142.ap-northeast-2.compute.internal,2022-03-24 06:49:41
2022-03-24 06:50:00,12,6,3afe4ddd503e4a94adbf60ebe5466054,kl-research-live-sfu,kl-research,ap-northeast-2b,1648104600000,29.735847167968746,4096.0,317,8192,70819,0,0,37387548,29313,0,0,81054416,21.47,ip-172-19-218-74.ap-northeast-2.compute.internal,2022-03-24 06:49:40
2022-03-24 06:50:00,,,3de5573ab5214e279a551628ec15c34a,kl-research-live-backend,kl-research,ap-northeast-2a,1648104600000,1089.4441927083333,2048.0,1271,4096,256099,0,0,5841478,364222,0,0,7136870,21.47,ip-172-19-37-179.ap-northeast-2.compute.internal,
2022-03-24 06:50:00,14,0,c7d35ff1ddda4377a3a30ddf41e91c59,kl-research-live-sfu,kl-research,ap-northeast-2c,1648104600000,53.58103352864583,4096.0,330,8192,170571,0,0,71638675,31727,0,0,158108967,21.47,ip-172-19-232-62.ap-northeast-2.compute.internal,2022-03-24 06:49:37
2022-03-24 06:50:00,,,3d3c2db734194c9386e1527246c787c1,kl-research-live-sfu-gateway,kl-research,ap-northeast-2c,1648104600000,176.27964192708336,2048.0,172,4096,128004,0,0,451933,115055,0,0,423304,21.47,ip-172-19-141-127.ap-northeast-2.compute.internal,
2022-03-24 06:49:00,,,3d3c2db734194c9386e1527246c787c1,kl-research-live-sfu-gateway,kl-research,ap-northeast-2c,1648104540000,177.147421875,2048.0,160,4096,128307,0,0,357271,115221,0,0,325387,21.47,ip-172-19-141-127.ap-northeast-2.compute.internal,
2022-03-24 06:49:00,,,3de5573ab5214e279a551628ec15c34a,kl-research-live-backend,kl-research,ap-northeast-2a,1648104540000,1092.5104947916668,2048.0,1271,4096,248223,0,0,5660371,352349,0,0,6904067,21.47,ip-172-19-37-179.ap-northeast-2.compute.internal,
2022-03-24 06:49:00,12,6,3afe4ddd503e4a94adbf60ebe5466054,kl-research-live-sfu,kl-research,ap-northeast-2b,1648104540000,41.234019368489584,4096.0,317,8192,71072,0,0,37353679,29272,0,0,81030083,21.47,ip-172-19-218-74.ap-northeast-2.compute.internal,2022-03-24 06:48:40
2022-03-24 06:49:00,14,0,c7d35ff1ddda4377a3a30ddf41e91c59,kl-research-live-sfu,kl-research,ap-northeast-2c,1648104540000,50.765987955729166,4096.0,330,8192,170256,0,0,71592149,31700,0,0,158083300,21.47,ip-172-19-232-62.ap-northeast-2.compute.internal,2022-03-24 06:48:37
2022-03-24 06:49:00,24,6,8b7d8ded7c9d4ec8a7268886902a1c9b,kl-research-live-sfu,kl-research,ap-northeast-2a,1648104540000,50.677296549479166,4096.0,103,8192,216838,0,0,308103,85570,0,0,89540,21.47,ip-172-19-193-142.ap-northeast-2.compute.internal,2022-03-24 06:48:41
2022-03-24 06:48:00,14,0,c7d35ff1ddda4377a3a30ddf41e91c59,kl-research-live-sfu,kl-research,ap-northeast-2c,1648104480000,54.72768880208334,4096.0,330,8192,171894,0,0,71545744,31720,0,0,158057649,21.47,ip-172-19-232-62.ap-northeast-2.compute.internal,2022-03-24 06:47:37
2022-03-24 06:48:00,,,3de5573ab5214e279a551628ec15c34a,kl-research-live-backend,kl-research,ap-northeast-2a,1648104480000,1110.1236458333333,2048.0,1270,4096,248371,0,0,5485747,356721,0,0,6677248,21.47,ip-172-19-37-179.ap-northeast-2.compute.internal,
2022-03-24 06:48:00,24,6,8b7d8ded7c9d4ec8a7268886902a1c9b,kl-research-live-sfu,kl-research,ap-northeast-2a,1648104480000,53.98017089843751,4096.0,102,8192,216450,0,0,262915,85414,0,0,68445,21.47,ip-172-19-193-142.ap-northeast-2.compute.internal,2022-03-24 06:47:41
2022-03-24 06:48:00,12,6,3afe4ddd503e4a94adbf60ebe5466054,kl-research-live-sfu,kl-research,ap-northeast-2b,1648104480000,36.173604329427086,4096.0,317,8192,70830,0,0,37319709,29277,0,0,81005765,21.47,ip-172-19-218-74.ap-northeast-2.compute.internal,2022-03-24 06:47:40
2022-03-24 06:48:00,,,3d3c2db734194c9386e1527246c787c1,kl-research-live-sfu-gateway,kl-research,ap-northeast-2c,1648104480000,180.49916666666664,2048.0,145,4096,128255,0,0,262481,115091,0,0,227317,21.47,ip-172-19-141-127.ap-northeast-2.compute.internal,
2022-03-24 06:47:00,12,6,3afe4ddd503e4a94adbf60ebe5466054,kl-research-live-sfu,kl-research,ap-northeast-2b,1648104420000,38.34043212890625,4096.0,312,8192,70745,0,0,37285832,29294,0,0,80981440,21.47,ip-172-19-218-74.ap-northeast-2.compute.internal,2022-03-24 06:46:40
2022-03-24 06:47:00,24,6,8b7d8ded7c9d4ec8a7268886902a1c9b,kl-research-live-sfu,kl-research,ap-northeast-2a,1648104420000,50.174760742187495,4096.0,102,8192,216404,0,0,218040,85072,0,0,47451,21.47,ip-172-19-193-142.ap-northeast-2.compute.internal,2022-03-24 06:46:41
2022-03-24 06:47:00,,,3de5573ab5214e279a551628ec15c34a,kl-research-live-backend,kl-research,ap-northeast-2a,1648104420000,1141.9310677083333,2048.0,1254,4096,251595,0,0,5309215,358225,0,0,6448982,21.47,ip-172-19-37-179.ap-northeast-2.compute.internal,
2022-03-24 06:47:00,,,3d3c2db734194c9386e1527246c787c1,kl-research-live-sfu-gateway,kl-research,ap-northeast-2c,1648104420000,175.40442708333333,2048.0,136,4096,128215,0,0,167738,115179,0,0,129377,21.47,ip-172-19-141-127.ap-northeast-2.compute.internal,
2022-03-24 06:47:00,10,0,c7d35ff1ddda4377a3a30ddf41e91c59,kl-research-live-sfu,kl-research,ap-northeast-2c,1648104420000,55.61355305989583,4096.0,326,8192,172040,0,0,71499209,31745,0,0,158031985,21.47,ip-172-19-232-62.ap-northeast-2.compute.internal,2022-03-24 06:46:37
2022-03-24 06:46:00,,,3de5573ab5214e279a551628ec15c34a,kl-research-live-backend,kl-research,ap-northeast-2a,1648104360000,1137.2965625,2048.0,1252,4096,250247,0,0,5132763,357539,0,0,6220319,21.47,ip-172-19-37-179.ap-northeast-2.compute.internal,
2022-03-24 06:46:00,0,0,3afe4ddd503e4a94adbf60ebe5466054,kl-research-live-sfu,kl-research,ap-northeast-2b,1648104360000,78.87430114746094,4096.0,191,8192,67351,0,0,37252003,25370,0,0,80957112,21.47,ip-172-19-218-74.ap-northeast-2.compute.internal,2022-03-24 06:45:40
2022-03-24 06:46:00,0,0,8b7d8ded7c9d4ec8a7268886902a1c9b,kl-research-live-sfu,kl-research,ap-northeast-2a,1648104360000,27.900670878092452,4096.0,78,8192,25512,0,0,174323,13044,0,0,27178,21.47,ip-172-19-193-142.ap-northeast-2.compute.internal,2022-03-24 06:45:41
2022-03-24 06:46:00,0,0,c7d35ff1ddda4377a3a30ddf41e91c59,kl-research-live-sfu,kl-research,ap-northeast-2c,1648104360000,41.76262461344401,4096.0,189,8192,85138,0,0,71452535,24146,0,0,158006301,21.47,ip-172-19-232-62.ap-northeast-2.compute.internal,2022-03-24 06:45:37
2022-03-24 06:46:00,,,3d3c2db734194c9386e1527246c787c1,kl-research-live-sfu-gateway,kl-research,ap-northeast-2c,1648104360000,161.39780598958333,2048.0,59,4096,178195,0,0,71980,142125,0,0,30255,21.47,ip-172-19-141-127.ap-northeast-2.compute.internal,
2022-03-24 06:45:00,0,0,3afe4ddd503e4a94adbf60ebe5466054,kl-research-live-sfu,kl-research,ap-northeast-2b,1648104300000,2.8490773010253907,4096.0,88,8192,1561,0,0,37241519,1317,0,0,80948574,21.47,ip-172-19-218-74.ap-northeast-2.compute.internal,2022-03-24 06:44:40
2022-03-24 06:45:00,0,0,c7d35ff1ddda4377a3a30ddf41e91c59,kl-research-live-sfu,kl-research,ap-northeast-2c,1648104300000,3.268557739257813,4096.0,146,8192,85560,0,0,71441955,1475,0,0,157998892,21.47,ip-172-19-232-62.ap-northeast-2.compute.internal,2022-03-24 06:44:37
2022-03-24 06:45:00,,,3de5573ab5214e279a551628ec15c34a,kl-research-live-backend,kl-research,ap-northeast-2a,1648104300000,1124.4287239583334,2048.0,1274,4096,250468,0,0,4953336,357442,0,0,5988194,21.47,ip-172-19-37-179.ap-northeast-2.compute.internal,
2022-03-24 06:45:00,0,0,8b7d8ded7c9d4ec8a7268886902a1c9b,kl-research-live-sfu,kl-research,ap-northeast-2a,1648104300000,2.590995279947917,4096.0,73,8192,1714,0,0,171542,1354,0,0,25779,21.47,ip-172-19-193-142.ap-northeast-2.compute.internal,2022-03-24 06:44:41
2022-03-24 06:44:00,,,3de5573ab5214e279a551628ec15c34a,kl-research-live-backend,kl-research,ap-northeast-2a,1648104240000,1103.319375,2048.0,1272,4096,247714,0,0,4778017,354093,0,0,5760405,21.47,ip-172-19-37-179.ap-northeast-2.compute.internal,
2022-03-24 06:44:00,0,0,8b7d8ded7c9d4ec8a7268886902a1c9b,kl-research-live-sfu,kl-research,ap-northeast-2a,1648104240000,2.460202178955078,4096.0,73,8192,1690,0,0,171130,1328,0,0,25344,21.47,ip-172-19-193-142.ap-northeast-2.compute.internal,2022-03-24 06:43:41
2022-03-24 06:44:00,498,1872,c7d35ff1ddda4377a3a30ddf41e91c59,kl-research-live-sfu,kl-research,ap-northeast-2c,1648104240000,2599.146566060384,4096.0,1392,8192,5374241,0,0,71336805,15684750,0,0,157998320,21.47,ip-172-19-232-62.ap-northeast-2.compute.internal,2022-03-24 06:43:36
2022-03-24 06:44:00,,,4d454d944227411b908057c1a71032fc,kl-research-live-sfu-gateway,kl-research,ap-northeast-2c,1648104240000,577.169867553711,2048.0,1504,4096,156811,0,0,10249702,117989,0,0,12191307,21.47,ip-172-19-148-46.ap-northeast-2.compute.internal,
2022-03-24 06:44:00,456,1734,3afe4ddd503e4a94adbf60ebe5466054,kl-research-live-sfu,kl-research,ap-northeast-2b,1648104240000,1102.5016807047525,4096.0,1279,8192,4525647,0,0,37183924,13704907,0,0,80948058,21.47,ip-172-19-218-74.ap-northeast-2.compute.internal,2022-03-24 06:43:40
2022-03-24 06:43:00,498,1872,c7d35ff1ddda4377a3a30ddf41e91c59,kl-research-live-sfu,kl-research,ap-northeast-2c,1648104180000,3913.0170833333336,4096.0,1999,8192,6477140,0,0,69857535,20407575,0,0,154763850,21.47,ip-172-19-232-62.ap-northeast-2.compute.internal,2022-03-24 06:42:39
2022-03-24 06:43:00,456,1734,3afe4ddd503e4a94adbf60ebe5466054,kl-research-live-sfu,kl-research,ap-northeast-2b,1648104180000,1669.5095312499998,4096.0,1864,8192,5852322,0,0,35834277,19504424,0,0,78153836,21.47,ip-172-19-218-74.ap-northeast-2.compute.internal,2022-03-24 06:42:40
2022-03-24 06:43:00,,,3de5573ab5214e279a551628ec15c34a,kl-research-live-backend,kl-research,ap-northeast-2a,1648104180000,1100.9179166666665,2048.0,1270,4096,249791,0,0,4600720,357596,0,0,5531368,21.47,ip-172-19-37-179.ap-northeast-2.compute.internal,
2022-03-24 06:43:00,0,0,8b7d8ded7c9d4ec8a7268886902a1c9b,kl-research-live-sfu,kl-research,ap-northeast-2a,1648104180000,3.3780590311686196,4096.0,72,8192,1733,0,0,170725,1376,0,0,24918,21.47,ip-172-19-193-142.ap-northeast-2.compute.internal,2022-03-24 06:42:41
2022-03-24 06:43:00,,,4d454d944227411b908057c1a71032fc,kl-research-live-sfu-gateway,kl-research,ap-northeast-2c,1648104180000,1275.3296354166666,2048.0,2161,4096,417662,0,0,10148580,271100,0,0,12077153,21.47,ip-172-19-148-46.ap-northeast-2.compute.internal,
2022-03-24 06:42:00,0,0,8b7d8ded7c9d4ec8a7268886902a1c9b,kl-research-live-sfu,kl-research,ap-northeast-2a,1648104120000,2.253409118652344,4096.0,72,8192,1763,0,0,170301,1402,0,0,24476,21.47,ip-172-19-193-142.ap-northeast-2.compute.internal,2022-03-24 06:41:41
2022-03-24 06:42:00,498,1872,c7d35ff1ddda4377a3a30ddf41e91c59,kl-research-live-sfu,kl-research,ap-northeast-2c,1648104120000,3924.8803125,4096.0,1983,8192,6405604,0,0,68210439,20130677,0,0,150940030,21.47,ip-172-19-232-62.ap-northeast-2.compute.internal,2022-03-24 06:41:39
2022-03-24 06:42:00,456,1734,3afe4ddd503e4a94adbf60ebe5466054,kl-research-live-sfu,kl-research,ap-northeast-2b,1648104120000,1669.86359375,4096.0,1864,8192,5870643,0,0,34265588,19552682,0,0,74579469,21.47,ip-172-19-218-74.ap-northeast-2.compute.internal,2022-03-24 06:41:40
2022-03-24 06:42:00,,,3de5573ab5214e279a551628ec15c34a,kl-research-live-backend,kl-research,ap-northeast-2a,1648104120000,1103.1379166666666,2048.0,1253,4096,246728,0,0,4424343,353309,0,0,5301405,21.47,ip-172-19-37-179.ap-northeast-2.compute.internal,
2022-03-24 06:42:00,,,4d454d944227411b908057c1a71032fc,kl-research-live-sfu-gateway,kl-research,ap-northeast-2c,1648104120000,1076.5941666666665,2048.0,2030,4096,427492,0,0,9962663,276507,0,0,11858131,21.47,ip-172-19-148-46.ap-northeast-2.compute.internal,
2022-03-24 06:41:00,,,4d454d944227411b908057c1a71032fc,kl-research-live-sfu-gateway,kl-research,ap-northeast-2c,1648104060000,1083.0179427083333,2048.0,2008,4096,420492,0,0,9774964,279447,0,0,11637449,21.47,ip-172-19-148-46.ap-northeast-2.compute.internal,
2022-03-24 06:41:00,0,0,8b7d8ded7c9d4ec8a7268886902a1c9b,kl-research-live-sfu,kl-research,ap-northeast-2a,1648104060000,2.4247966512044274,4096.0,71,8192,1700,0,0,169875,1333,0,0,24036,21.47,ip-172-19-193-142.ap-northeast-2.compute.internal,2022-03-24 06:40:41
2022-03-24 06:41:00,498,1872,c7d35ff1ddda4377a3a30ddf41e91c59,kl-research-live-sfu,kl-research,ap-northeast-2c,1648104060000,3891.148854166667,4096.0,2010,8192,6468126,0,0,66559129,20365605,0,0,147119472,21.47,ip-172-19-232-62.ap-northeast-2.compute.internal,2022-03-24 06:40:37
2022-03-24 06:41:00,,,3de5573ab5214e279a551628ec15c34a,kl-research-live-backend,kl-research,ap-northeast-2a,1648104060000,1094.5346093750002,2048.0,1274,4096,255574,0,0,4248390,365893,0,0,5073390,21.47,ip-172-19-37-179.ap-northeast-2.compute.internal,
2022-03-24 06:41:00,456,1734,3afe4ddd503e4a94adbf60ebe5466054,kl-research-live-sfu,kl-research,ap-northeast-2b,1648104060000,1721.5429166666665,4096.0,1864,8192,5853205,0,0,32690151,19494938,0,0,70996814,21.47,ip-172-19-218-74.ap-northeast-2.compute.internal,2022-03-24 06:40:40
2022-03-24 06:40:00,456,1734,3afe4ddd503e4a94adbf60ebe5466054,kl-research-live-sfu,kl-research,ap-northeast-2b,1648104000000,1643.31515625,4096.0,1863,8192,5866210,0,0,31119885,19547822,0,0,67418468,21.47,ip-172-19-218-74.ap-northeast-2.compute.internal,2022-03-24 06:39:40
2022-03-24 06:40:00,,,4d454d944227411b908057c1a71032fc,kl-research-live-sfu-gateway,kl-research,ap-northeast-2c,1648104000000,1175.1965364583334,2048.0,1938,4096,433285,0,0,9586863,278306,0,0,11415560,21.47,ip-172-19-148-46.ap-northeast-2.compute.internal,
2022-03-24 06:40:00,0,0,8b7d8ded7c9d4ec8a7268886902a1c9b,kl-research-live-sfu,kl-research,ap-northeast-2a,1648104000000,2.750406951904297,4096.0,70,8192,1742,0,0,169466,1383,0,0,23609,21.47,ip-172-19-193-142.ap-northeast-2.compute.internal,2022-03-24 06:39:36
2022-03-24 06:40:00,,,3de5573ab5214e279a551628ec15c34a,kl-research-live-backend,kl-research,ap-northeast-2a,1648104000000,1080.11609375,2048.0,1270,4096,241870,0,0,4069110,345257,0,0,4841757,21.47,ip-172-19-37-179.ap-northeast-2.compute.internal,
2022-03-24 06:40:00,498,1872,c7d35ff1ddda4377a3a30ddf41e91c59,kl-research-live-sfu,kl-research,ap-northeast-2c,1648104000000,3916.912916666666,4096.0,2004,8192,6488627,0,0,64910891,20431443,0,0,143295329,21.47,ip-172-19-232-62.ap-northeast-2.compute.internal,2022-03-24 06:39:36
2022-03-24 06:39:00,456,1734,3afe4ddd503e4a94adbf60ebe5466054,kl-research-live-sfu,kl-research,ap-northeast-2b,1648103940000,1660.6192708333335,4096.0,1863,8192,5885529,0,0,29547762,19619115,0,0,63834570,21.47,ip-172-19-218-74.ap-northeast-2.compute.internal,2022-03-24 06:38:40
2022-03-24 06:39:00,,,3de5573ab5214e279a551628ec15c34a,kl-research-live-backend,kl-research,ap-northeast-2a,1648103940000,1122.6398177083336,2048.0,1269,4096,247630,0,0,3895993,353511,0,0,4616356,21.47,ip-172-19-37-179.ap-northeast-2.compute.internal,
2022-03-24 06:39:00,,,4d454d944227411b908057c1a71032fc,kl-research-live-sfu-gateway,kl-research,ap-northeast-2c,1648103940000,1138.74390625,2048.0,1922,4096,453720,0,0,9396713,288976,0,0,11192636,21.47,ip-172-19-148-46.ap-northeast-2.compute.internal,
2022-03-24 06:39:00,498,1872,c7d35ff1ddda4377a3a30ddf41e91c59,kl-research-live-sfu,kl-research,ap-northeast-2c,1648103940000,3916.5767708333333,4096.0,2001,8192,6498701,0,0,63257729,20458546,0,0,139461054,21.47,ip-172-19-232-62.ap-northeast-2.compute.internal,2022-03-24 06:38:37
2022-03-24 06:39:00,0,0,8b7d8ded7c9d4ec8a7268886902a1c9b,kl-research-live-sfu,kl-research,ap-northeast-2a,1648103940000,2.55740000406901,4096.0,70,8192,1702,0,0,169043,1341,0,0,23167,21.47,ip-172-19-193-142.ap-northeast-2.compute.internal,2022-03-24 06:38:36
2022-03-24 06:38:00,,,3de5573ab5214e279a551628ec15c34a,kl-research-live-backend,kl-research,ap-northeast-2a,1648103880000,1126.62046875,2048.0,1266,4096,248415,0,0,3720192,357736,0,0,4387684,21.47,ip-172-19-37-179.ap-northeast-2.compute.internal,
2022-03-24 06:38:00,498,1872,c7d35ff1ddda4377a3a30ddf41e91c59,kl-research-live-sfu,kl-research,ap-northeast-2c,1648103880000,3914.7401041666667,4096.0,1998,8192,6506795,0,0,61604471,20466450,0,0,135628036,21.47,ip-172-19-232-62.ap-northeast-2.compute.internal,2022-03-24 06:37:40
2022-03-24 06:38:00,,,4d454d944227411b908057c1a71032fc,kl-research-live-sfu-gateway,kl-research,ap-northeast-2c,1648103880000,973.2720833333333,2048.0,1864,4096,414575,0,0,9202089,281185,0,0,10963994,21.47,ip-172-19-148-46.ap-northeast-2.compute.internal,
2022-03-24 06:38:00,0,0,8b7d8ded7c9d4ec8a7268886902a1c9b,kl-research-live-sfu,kl-research,ap-northeast-2a,1648103880000,2.4357593282063803,4096.0,69,8192,1739,0,0,168633,1379,0,0,22735,21.47,ip-172-19-193-142.ap-northeast-2.compute.internal,2022-03-24 06:37:36
2022-03-24 06:38:00,456,1734,3afe4ddd503e4a94adbf60ebe5466054,kl-research-live-sfu,kl-research,ap-northeast-2b,1648103880000,1701.2925000000002,4096.0,1863,8192,5893141,0,0,27971348,19628787,0,0,60240524,21.47,ip-172-19-218-74.ap-northeast-2.compute.internal,2022-03-24 06:37:40
2022-03-24 06:37:00,498,1872,c7d35ff1ddda4377a3a30ddf41e91c59,kl-research-live-sfu,kl-research,ap-northeast-2c,1648103820000,3906.4170833333337,4096.0,1996,8192,6528731,0,0,59944191,20540926,0,0,131783474,21.47,ip-172-19-232-62.ap-northeast-2.compute.internal,2022-03-24 06:36:39
2022-03-24 06:37:00,,,4d454d944227411b908057c1a71032fc,kl-research-live-sfu-gateway,kl-research,ap-northeast-2c,1648103820000,1011.5319010416666,2048.0,1847,4096,449032,0,0,9010570,288073,0,0,10738067,21.47,ip-172-19-148-46.ap-northeast-2.compute.internal,
2022-03-24 06:37:00,456,1734,3afe4ddd503e4a94adbf60ebe5466054,kl-research-live-sfu,kl-research,ap-northeast-2b,1648103820000,1723.080885416667,4096.0,1863,8192,5894274,0,0,26390967,19634456,0,0,56646656,21.47,ip-172-19-218-74.ap-northeast-2.compute.internal,2022-03-24 06:36:40
2022-03-24 06:37:00,,,3de5573ab5214e279a551628ec15c34a,kl-research-live-backend,kl-research,ap-northeast-2a,1648103820000,1134.379921875,2048.0,1260,4096,244186,0,0,3545387,350581,0,0,4159778,21.47,ip-172-19-37-179.ap-northeast-2.compute.internal,
2022-03-24 06:37:00,0,0,8b7d8ded7c9d4ec8a7268886902a1c9b,kl-research-live-sfu,kl-research,ap-northeast-2a,1648103820000,2.8093736267089846,4096.0,69,8192,1734,0,0,168210,1376,0,0,22292,21.47,ip-172-19-193-142.ap-northeast-2.compute.internal,2022-03-24 06:36:36
2022-03-24 06:36:00,498,1872,c7d35ff1ddda4377a3a30ddf41e91c59,kl-research-live-sfu,kl-research,ap-northeast-2c,1648103760000,3930.3007291666668,4096.0,1975,8192,6486245,0,0,58283508,20416933,0,0,127937777,21.47,ip-172-19-232-62.ap-northeast-2.compute.internal,2022-03-24 06:35:36
2022-03-24 06:36:00,,,3de5573ab5214e279a551628ec15c34a,kl-research-live-backend,kl-research,ap-northeast-2a,1648103760000,1108.8900781250002,2048.0,1263,4096,246235,0,0,3371558,350848,0,0,3933827,21.47,ip-172-19-37-179.ap-northeast-2.compute.internal,
2022-03-24 06:36:00,0,0,8b7d8ded7c9d4ec8a7268886902a1c9b,kl-research-live-sfu,kl-research,ap-northeast-2a,1648103760000,2.658713938395182,4096.0,68,8192,1760,0,0,167789,1389,0,0,21848,21.47,ip-172-19-193-142.ap-northeast-2.compute.internal,2022-03-24 06:35:36
2022-03-24 06:36:00,456,1734,3afe4ddd503e4a94adbf60ebe5466054,kl-research-live-sfu,kl-research,ap-northeast-2b,1648103760000,1634.83140625,4096.0,1863,8192,5895005,0,0,24811839,19645609,0,0,53051351,21.47,ip-172-19-218-74.ap-northeast-2.compute.internal,2022-03-24 06:35:40
2022-03-24 06:36:00,,,4d454d944227411b908057c1a71032fc,kl-research-live-sfu-gateway,kl-research,ap-northeast-2c,1648103760000,1150.5193489583335,2048.0,1854,4096,433905,0,0,8816554,296205,0,0,10508693,21.47,ip-172-19-148-46.ap-northeast-2.compute.internal,
2022-03-24 06:35:00,,,3de5573ab5214e279a551628ec15c34a,kl-research-live-backend,kl-research,ap-northeast-2a,1648103700000,1099.2466927083335,2048.0,1429,4096,250868,0,0,3197540,357536,0,0,3708183,21.47,ip-172-19-37-179.ap-northeast-2.compute.internal,
2022-03-24 06:35:00,,,4d454d944227411b908057c1a71032fc,kl-research-live-sfu-gateway,kl-research,ap-northeast-2c,1648103700000,1049.6074739583335,2048.0,1769,4096,463407,0,0,8615458,301044,0,0,10271224,21.47,ip-172-19-148-46.ap-northeast-2.compute.internal,
2022-03-24 06:35:00,0,0,8b7d8ded7c9d4ec8a7268886902a1c9b,kl-research-live-sfu,kl-research,ap-northeast-2a,1648103700000,2.4109473673502606,4096.0,68,8192,1763,0,0,167320,1397,0,0,21361,21.47,ip-172-19-193-142.ap-northeast-2.compute.internal,2022-03-24 06:34:36
2022-03-24 06:35:00,498,1872,c7d35ff1ddda4377a3a30ddf41e91c59,kl-research-live-sfu,kl-research,ap-northeast-2c,1648103700000,3917.4673958333333,4096.0,2007,8192,6535027,0,0,56621045,20578519,0,0,124089329,21.47,ip-172-19-232-62.ap-northeast-2.compute.internal,2022-03-24 06:34:38
2022-03-24 06:35:00,456,1734,3afe4ddd503e4a94adbf60ebe5466054,kl-research-live-sfu,kl-research,ap-northeast-2b,1648103700000,1658.8804687499999,4096.0,1863,8192,5904281,0,0,23228153,19678100,0,0,49449552,21.47,ip-172-19-218-74.ap-northeast-2.compute.internal,2022-03-24 06:34:40
2022-03-24 06:34:00,0,0,8b7d8ded7c9d4ec8a7268886902a1c9b,kl-research-live-sfu,kl-research,ap-northeast-2a,1648103640000,2.552711435953776,4096.0,67,8192,1801,0,0,166854,1437,0,0,20870,21.47,ip-172-19-193-142.ap-northeast-2.compute.internal,2022-03-24 06:33:36
2022-03-24 06:34:00,498,1872,c7d35ff1ddda4377a3a30ddf41e91c59,kl-research-live-sfu,kl-research,ap-northeast-2c,1648103640000,3916.6854166666667,4096.0,2004,8192,6523829,0,0,54955943,20516376,0,0,120231963,21.47,ip-172-19-232-62.ap-northeast-2.compute.internal,2022-03-24 06:33:36
2022-03-24 06:34:00,456,1734,3afe4ddd503e4a94adbf60ebe5466054,kl-research-live-sfu,kl-research,ap-northeast-2b,1648103640000,1719.06703125,4096.0,1863,8192,5909708,0,0,21643340,19695739,0,0,45841276,21.47,ip-172-19-218-74.ap-northeast-2.compute.internal,2022-03-24 06:33:40
2022-03-24 06:34:00,,,4d454d944227411b908057c1a71032fc,kl-research-live-sfu-gateway,kl-research,ap-northeast-2c,1648103640000,1046.719375,2048.0,1666,4096,468202,0,0,8412350,305964,0,0,10031220,21.47,ip-172-19-148-46.ap-northeast-2.compute.internal,
2022-03-24 06:34:00,,,3de5573ab5214e279a551628ec15c34a,kl-research-live-backend,kl-research,ap-northeast-2a,1648103640000,1123.095859375,2048.0,1377,4096,252276,0,0,3020826,360277,0,0,3479329,21.47,ip-172-19-37-179.ap-northeast-2.compute.internal,
2022-03-24 06:33:00,0,0,8b7d8ded7c9d4ec8a7268886902a1c9b,kl-research-live-sfu,kl-research,ap-northeast-2a,1648103580000,2.5518555704752606,4096.0,67,8192,1791,0,0,166375,1426,0,0,20372,21.47,ip-172-19-193-142.ap-northeast-2.compute.internal,2022-03-24 06:32:36
2022-03-24 06:33:00,,,3de5573ab5214e279a551628ec15c34a,kl-research-live-backend,kl-research,ap-northeast-2a,1648103580000,1134.5993749999998,2048.0,1211,4096,246711,0,0,2840656,350879,0,0,3246004,21.47,ip-172-19-37-179.ap-northeast-2.compute.internal,
2022-03-24 06:33:00,,,4d454d944227411b908057c1a71032fc,kl-research-live-sfu-gateway,kl-research,ap-northeast-2c,1648103580000,1122.2376822916667,2048.0,1625,4096,475332,0,0,8207346,313187,0,0,9787522,21.47,ip-172-19-148-46.ap-northeast-2.compute.internal,
2022-03-24 06:33:00,498,1872,c7d35ff1ddda4377a3a30ddf41e91c59,kl-research-live-sfu,kl-research,ap-northeast-2c,1648103580000,3910.7221875,4096.0,2002,8192,6556701,0,0,53290522,20642548,0,0,116374525,21.47,ip-172-19-232-62.ap-northeast-2.compute.internal,2022-03-24 06:32:37
2022-03-24 06:33:00,456,1734,3afe4ddd503e4a94adbf60ebe5466054,kl-research-live-sfu,kl-research,ap-northeast-2b,1648103580000,1728.12375,4096.0,1863,8192,5922681,0,0,20057153,19719025,0,0,42231923,21.47,ip-172-19-218-74.ap-northeast-2.compute.internal,2022-03-24 06:32:40
2022-03-24 06:32:00,,,4d454d944227411b908057c1a71032fc,kl-research-live-sfu-gateway,kl-research,ap-northeast-2c,1648103520000,1107.825703125,2048.0,1587,4096,481366,0,0,7998223,317530,0,0,9538083,21.47,ip-172-19-148-46.ap-northeast-2.compute.internal,
2022-03-24 06:32:00,0,0,8b7d8ded7c9d4ec8a7268886902a1c9b,kl-research-live-sfu,kl-research,ap-northeast-2a,1648103520000,2.5164594014485675,4096.0,67,8192,1765,0,0,165894,1397,0,0,19873,21.47,ip-172-19-193-142.ap-northeast-2.compute.internal,2022-03-24 06:31:36
2022-03-24 06:32:00,,,3de5573ab5214e279a551628ec15c34a,kl-research-live-backend,kl-research,ap-northeast-2a,1648103520000,1098.8007291666668,2048.0,1466,4096,252469,0,0,2666864,363673,0,0,3019707,21.47,ip-172-19-37-179.ap-northeast-2.compute.internal,
2022-03-24 06:32:00,456,1734,3afe4ddd503e4a94adbf60ebe5466054,kl-research-live-sfu,kl-research,ap-northeast-2b,1648103520000,1678.3247395833332,4096.0,1863,8192,5926130,0,0,18464840,19734563,0,0,38614334,21.47,ip-172-19-218-74.ap-northeast-2.compute.internal,2022-03-24 06:31:40
2022-03-24 06:32:00,498,1872,c7d35ff1ddda4377a3a30ddf41e91c59,kl-research-live-sfu,kl-research,ap-northeast-2c,1648103520000,3923.2564583333333,4096.0,2004,8192,6539590,0,0,51618376,20569519,0,0,112506686,21.47,ip-172-19-232-62.ap-northeast-2.compute.internal,2022-03-24 06:31:40
2022-03-24 06:31:00,456,1734,3afe4ddd503e4a94adbf60ebe5466054,kl-research-live-sfu,kl-research,ap-northeast-2b,1648103460000,1735.9555729166666,4096.0,1862,8192,5929534,0,0,16870060,19744815,0,0,34991333,21.47,ip-172-19-218-74.ap-northeast-2.compute.internal,2022-03-24 06:30:35
2022-03-24 06:31:00,498,1872,c7d35ff1ddda4377a3a30ddf41e91c59,kl-research-live-sfu,kl-research,ap-northeast-2c,1648103460000,3937.1121875000003,4096.0,1999,8192,6517321,0,0,49943558,20491692,0,0,108632182,21.47,ip-172-19-232-62.ap-northeast-2.compute.internal,2022-03-24 06:30:37
2022-03-24 06:31:00,,,3de5573ab5214e279a551628ec15c34a,kl-research-live-backend,kl-research,ap-northeast-2a,1648103460000,1116.4995833333335,2048.0,1364,4096,246208,0,0,2487484,350588,0,0,2786405,21.47,ip-172-19-37-179.ap-northeast-2.compute.internal,
2022-03-24 06:31:00,,,4d454d944227411b908057c1a71032fc,kl-research-live-sfu-gateway,kl-research,ap-northeast-2c,1648103460000,1072.7405208333332,2048.0,1510,4096,478319,0,0,7785972,316135,0,0,9285284,21.47,ip-172-19-148-46.ap-northeast-2.compute.internal,
2022-03-24 06:31:00,0,0,8b7d8ded7c9d4ec8a7268886902a1c9b,kl-research-live-sfu,kl-research,ap-northeast-2a,1648103460000,2.7405139160156247,4096.0,65,8192,1751,0,0,165426,1392,0,0,19385,21.47,ip-172-19-193-142.ap-northeast-2.compute.internal,2022-03-24 06:30:36
2022-03-24 06:30:00,,,3de5573ab5214e279a551628ec15c34a,kl-research-live-backend,kl-research,ap-northeast-2a,1648103400000,1111.5414062500001,2048.0,1309,4096,249074,0,0,2313247,355952,0,0,2560687,21.47,ip-172-19-37-179.ap-northeast-2.compute.internal,
2022-03-24 06:30:00,498,1872,c7d35ff1ddda4377a3a30ddf41e91c59,kl-research-live-sfu,kl-research,ap-northeast-2c,1648103400000,3944.051770833333,4096.0,1996,8192,6538659,0,0,48267132,20558439,0,0,104758011,21.47,ip-172-19-232-62.ap-northeast-2.compute.internal,2022-03-24 06:29:38
2022-03-24 06:30:00,,,8b7d8ded7c9d4ec8a7268886902a1c9b,kl-research-live-sfu,kl-research,ap-northeast-2a,1648103400000,71.1177098083496,4096.0,59,8192,33307,0,0,164962,2784,0,0,18898,21.47,ip-172-19-193-142.ap-northeast-2.compute.internal,
2022-03-24 06:30:00,,,4d454d944227411b908057c1a71032fc,kl-research-live-sfu-gateway,kl-research,ap-northeast-2c,1648103400000,1029.342421875,2048.0,1348,4096,470581,0,0,7574508,311543,0,0,9033911,21.47,ip-172-19-148-46.ap-northeast-2.compute.internal,
2022-03-24 06:30:00,456,1734,3afe4ddd503e4a94adbf60ebe5466054,kl-research-live-sfu,kl-research,ap-northeast-2b,1648103400000,1675.9195833333333,4096.0,1862,8192,5927513,0,0,15273242,19749204,0,0,31362687,21.47,ip-172-19-218-74.ap-northeast-2.compute.internal,2022-03-24 06:29:35
2022-03-24 06:29:00,498,1872,c7d35ff1ddda4377a3a30ddf41e91c59,kl-research-live-sfu,kl-research,ap-northeast-2c,1648103340000,3932.9340625,4096.0,1996,8192,6490150,0,0,46588391,20367132,0,0,100874802,21.47,ip-172-19-232-62.ap-northeast-2.compute.internal,2022-03-24 06:28:37
2022-03-24 06:29:00,,,8b7d8ded7c9d4ec8a7268886902a1c9b,kl-research-live-sfu,kl-research,ap-northeast-2a,1648103340000,0.0,4096.0,0,8192,0,0,0,0,0,0,0,0,21.47,ip-172-19-193-142.ap-northeast-2.compute.internal,
2022-03-24 06:29:00,,,3de5573ab5214e279a551628ec15c34a,kl-research-live-backend,kl-research,ap-northeast-2a,1648103340000,1106.6442708333334,2048.0,1320,4096,247221,0,0,2135977,350097,0,0,2331062,21.47,ip-172-19-37-179.ap-northeast-2.compute.internal,
2022-03-24 06:29:00,,,4d454d944227411b908057c1a71032fc,kl-research-live-sfu-gateway,kl-research,ap-northeast-2c,1648103340000,1072.7083333333333,2048.0,1280,4096,469045,0,0,7367197,310185,0,0,8787524,21.47,ip-172-19-148-46.ap-northeast-2.compute.internal,
2022-03-24 06:29:00,456,1734,3afe4ddd503e4a94adbf60ebe5466054,kl-research-live-sfu,kl-research,ap-northeast-2b,1648103340000,1689.1426041666666,4096.0,1862,8192,5928883,0,0,13677935,19754817,0,0,27729974,21.47,ip-172-19-218-74.ap-northeast-2.compute.internal,2022-03-24 06:28:35
2022-03-24 06:28:00,498,1872,c7d35ff1ddda4377a3a30ddf41e91c59,kl-research-live-sfu,kl-research,ap-northeast-2c,1648103280000,3930.682083333333,4096.0,2004,8192,6515061,0,0,44907334,20479239,0,0,96997412,21.47,ip-172-19-232-62.ap-northeast-2.compute.internal,2022-03-24 06:27:38
2022-03-24 06:28:00,456,1734,3afe4ddd503e4a94adbf60ebe5466054,kl-research-live-sfu,kl-research,ap-northeast-2b,1648103280000,1702.2705729166667,4096.0,1862,8192,5922642,0,0,12078793,19735894,0,0,24093468,21.47,ip-172-19-218-74.ap-northeast-2.compute.internal,2022-03-24 06:27:35
2022-03-24 06:28:00,,,3de5573ab5214e279a551628ec15c34a,kl-research-live-backend,kl-research,ap-northeast-2a,1648103280000,1131.1880468749998,2048.0,1197,4096,245634,0,0,1960848,350182,0,0,2104880,21.47,ip-172-19-37-179.ap-northeast-2.compute.internal,
2022-03-24 06:28:00,,,4d454d944227411b908057c1a71032fc,kl-research-live-sfu-gateway,kl-research,ap-northeast-2c,1648103280000,1041.3318489583335,2048.0,1292,4096,469866,0,0,7158562,314991,0,0,8538661,21.47,ip-172-19-148-46.ap-northeast-2.compute.internal,
2022-03-24 06:27:00,,,3de5573ab5214e279a551628ec15c34a,kl-research-live-backend,kl-research,ap-northeast-2a,1648103220000,1122.922890625,2048.0,1422,4096,250719,0,0,1787713,355614,0,0,1881504,21.47,ip-172-19-37-179.ap-northeast-2.compute.internal,
2022-03-24 06:27:00,490,1778,c7d35ff1ddda4377a3a30ddf41e91c59,kl-research-live-sfu,kl-research,ap-northeast-2c,1648103220000,3927.770520833333,4096.0,1988,8192,6517651,0,0,43227364,20453907,0,0,93111222,21.47,ip-172-19-232-62.ap-northeast-2.compute.internal,2022-03-24 06:26:35
2022-03-24 06:27:00,,,4d454d944227411b908057c1a71032fc,kl-research-live-sfu-gateway,kl-research,ap-northeast-2c,1648103220000,1122.4954427083333,2048.0,1272,4096,500532,0,0,6948165,329550,0,0,8288069,21.47,ip-172-19-148-46.ap-northeast-2.compute.internal,
2022-03-24 06:27:00,452,1668,3afe4ddd503e4a94adbf60ebe5466054,kl-research-live-sfu,kl-research,ap-northeast-2b,1648103220000,1717.7153645833332,4096.0,1857,8192,5918942,0,0,10480261,19685343,0,0,20455789,21.47,ip-172-19-218-74.ap-northeast-2.compute.internal,2022-03-24 06:26:35
2022-03-24 06:26:00,,,4d454d944227411b908057c1a71032fc,kl-research-live-sfu-gateway,kl-research,ap-northeast-2c,1648103160000,1120.57921875,2048.0,1153,4096,559274,0,0,6731707,372216,0,0,8029460,21.47,ip-172-19-148-46.ap-northeast-2.compute.internal,
2022-03-24 06:26:00,442,1538,c7d35ff1ddda4377a3a30ddf41e91c59,kl-research-live-sfu,kl-research,ap-northeast-2c,1648103160000,3802.8534375,4096.0,1863,8192,6331560,0,0,41551238,19130980,0,0,89234803,21.47,ip-172-19-232-62.ap-northeast-2.compute.internal,2022-03-24 06:25:35
2022-03-24 06:26:00,,,3de5573ab5214e279a551628ec15c34a,kl-research-live-backend,kl-research,ap-northeast-2a,1648103160000,1102.5407552083334,2048.0,1258,4096,269795,0,0,1612098,355944,0,0,1654021,21.47,ip-172-19-37-179.ap-northeast-2.compute.internal,
2022-03-24 06:26:00,412,1526,3afe4ddd503e4a94adbf60ebe5466054,kl-research-live-sfu,kl-research,ap-northeast-2b,1648103160000,1687.6873958333333,4096.0,1766,8192,5711002,0,0,8878571,18533377,0,0,16820439,21.47,ip-172-19-218-74.ap-northeast-2.compute.internal,2022-03-24 06:25:35
2022-03-24 06:25:00,,,4d454d944227411b908057c1a71032fc,kl-research-live-sfu-gateway,kl-research,ap-northeast-2c,1648103100000,1058.1092708333333,2048.0,1052,4096,518292,0,0,6517836,341833,0,0,7773451,21.47,ip-172-19-148-46.ap-northeast-2.compute.internal,
2022-03-24 06:25:00,396,1388,c7d35ff1ddda4377a3a30ddf41e91c59,kl-research-live-sfu,kl-research,ap-northeast-2c,1648103100000,3529.2954166666664,4096.0,1649,8192,5848501,0,0,39969405,16845456,0,0,85667263,21.47,ip-172-19-232-62.ap-northeast-2.compute.internal,2022-03-24 06:24:35
2022-03-24 06:25:00,370,1318,3afe4ddd503e4a94adbf60ebe5466054,kl-research-live-sfu,kl-research,ap-northeast-2b,1648103100000,1398.6230208333334,4096.0,1595,8192,5263684,0,0,7362060,16633740,0,0,13421834,21.47,ip-172-19-218-74.ap-northeast-2.compute.internal,2022-03-24 06:24:35
2022-03-24 06:25:00,,,3de5573ab5214e279a551628ec15c34a,kl-research-live-backend,kl-research,ap-northeast-2a,1648103100000,1113.2084895833334,2048.0,1122,4096,255409,0,0,1439591,333905,0,0,1429539,21.47,ip-172-19-37-179.ap-northeast-2.compute.internal,
2022-03-24 06:24:00,330,1156,3afe4ddd503e4a94adbf60ebe5466054,kl-research-live-sfu,kl-research,ap-northeast-2b,1648103040000,1379.420625,4096.0,1424,8192,4799396,0,0,5987986,14672819,0,0,10371236,21.47,ip-172-19-218-74.ap-northeast-2.compute.internal,2022-03-24 06:23:35
2022-03-24 06:24:00,348,1156,c7d35ff1ddda4377a3a30ddf41e91c59,kl-research-live-sfu,kl-research,ap-northeast-2c,1648103040000,3134.869895833333,4096.0,1470,8192,5332840,0,0,38548326,14695529,0,0,82537939,21.47,ip-172-19-232-62.ap-northeast-2.compute.internal,2022-03-24 06:23:35
2022-03-24 06:24:00,,,4d454d944227411b908057c1a71032fc,kl-research-live-sfu-gateway,kl-research,ap-northeast-2c,1648103040000,951.5058333333333,2048.0,1215,4096,487618,0,0,6321281,320666,0,0,7537779,21.47,ip-172-19-148-46.ap-northeast-2.compute.internal,
2022-03-24 06:24:00,,,3de5573ab5214e279a551628ec15c34a,kl-research-live-backend,kl-research,ap-northeast-2a,1648103040000,1101.7664583333333,2048.0,913,4096,247850,0,0,1276910,320175,0,0,1217254,21.47,ip-172-19-37-179.ap-northeast-2.compute.internal,
2022-03-24 06:23:00,,,4d454d944227411b908057c1a71032fc,kl-research-live-sfu-gateway,kl-research,ap-northeast-2c,1648102980000,837.8073697916667,2048.0,1085,4096,439359,0,0,6144023,286449,0,0,7326195,21.47,ip-172-19-148-46.ap-northeast-2.compute.internal,
2022-03-24 06:23:00,294,954,3afe4ddd503e4a94adbf60ebe5466054,kl-research-live-sfu,kl-research,ap-northeast-2b,1648102980000,1158.654765625,4096.0,1239,8192,4342284,0,0,4768017,12555316,0,0,7686871,21.47,ip-172-19-218-74.ap-northeast-2.compute.internal,2022-03-24 06:22:35
2022-03-24 06:23:00,288,884,c7d35ff1ddda4377a3a30ddf41e91c59,kl-research-live-sfu,kl-research,ap-northeast-2c,1648102980000,2609.188125,4096.0,1247,8192,4714017,0,0,37280056,12021750,0,0,79803430,21.47,ip-172-19-232-62.ap-northeast-2.compute.internal,2022-03-24 06:22:35
2022-03-24 06:23:00,,,3de5573ab5214e279a551628ec15c34a,kl-research-live-backend,kl-research,ap-northeast-2a,1648102980000,1052.431640625,2048.0,711,4096,229228,0,0,1117949,287226,0,0,1010845,21.47,ip-172-19-37-179.ap-northeast-2.compute.internal,
2022-03-24 06:22:00,,,4d454d944227411b908057c1a71032fc,kl-research-live-sfu-gateway,kl-research,ap-northeast-2c,1648102920000,728.646171875,2048.0,1051,4096,393654,0,0,5989699,256544,0,0,7142111,21.47,ip-172-19-148-46.ap-northeast-2.compute.internal,
2022-03-24 06:22:00,,,3de5573ab5214e279a551628ec15c34a,kl-research-live-backend,kl-research,ap-northeast-2a,1648102920000,871.4112239583334,2048.0,614,4096,203350,0,0,972132,243055,0,0,828825,21.47,ip-172-19-37-179.ap-northeast-2.compute.internal,
2022-03-24 06:22:00,244,714,3afe4ddd503e4a94adbf60ebe5466054,kl-research-live-sfu,kl-research,ap-northeast-2b,1648102920000,1003.5827604166667,4096.0,1048,8192,3902742,0,0,3698763,10171873,0,0,5393895,21.47,ip-172-19-218-74.ap-northeast-2.compute.internal,2022-03-24 06:21:35
2022-03-24 06:22:00,238,646,c7d35ff1ddda4377a3a30ddf41e91c59,kl-research-live-sfu,kl-research,ap-northeast-2c,1648102920000,2006.5191145833332,4096.0,1004,8192,4054066,0,0,36205881,9142526,0,0,77567468,21.47,ip-172-19-232-62.ap-northeast-2.compute.internal,2022-03-24 06:21:35
2022-03-24 06:21:00,,,4d454d944227411b908057c1a71032fc,kl-research-live-sfu-gateway,kl-research,ap-northeast-2c,1648102860000,610.1860416666667,2048.0,998,4096,340650,0,0,5857471,220376,0,0,6984329,21.47,ip-172-19-148-46.ap-northeast-2.compute.internal,
2022-03-24 06:21:00,194,472,3afe4ddd503e4a94adbf60ebe5466054,kl-research-live-sfu,kl-research,ap-northeast-2b,1648102860000,780.3363802083333,4096.0,823,8192,3371053,0,0,2787637,7499597,0,0,3533625,21.47,ip-172-19-218-74.ap-northeast-2.compute.internal,2022-03-24 06:20:35
2022-03-24 06:21:00,,,3de5573ab5214e279a551628ec15c34a,kl-research-live-backend,kl-research,ap-northeast-2a,1648102860000,679.66,2048.0,525,4096,171626,0,0,845749,199221,0,0,676651,21.47,ip-172-19-37-179.ap-northeast-2.compute.internal,
2022-03-24 06:21:00,190,404,c7d35ff1ddda4377a3a30ddf41e91c59,kl-research-live-sfu,kl-research,ap-northeast-2c,1648102860000,1452.7591666666667,4096.0,780,8192,3506832,0,0,35333473,6492771,0,0,75872986,21.47,ip-172-19-232-62.ap-northeast-2.compute.internal,2022-03-24 06:20:35
2022-03-24 06:20:00,146,176,c7d35ff1ddda4377a3a30ddf41e91c59,kl-research-live-sfu,kl-research,ap-northeast-2c,1648102800000,956.8659375000001,4096.0,543,8192,2954737,0,0,34631757,3677752,0,0,74666881,21.47,ip-172-19-232-62.ap-northeast-2.compute.internal,2022-03-24 06:19:35
2022-03-24 06:20:00,140,230,3afe4ddd503e4a94adbf60ebe5466054,kl-research-live-sfu,kl-research,ap-northeast-2b,1648102800000,522.9651302083333,4096.0,595,8192,2846985,0,0,2058653,5042410,0,0,2173627,21.47,ip-172-19-218-74.ap-northeast-2.compute.internal,2022-03-24 06:19:35
2022-03-24 06:20:00,,,3de5573ab5214e279a551628ec15c34a,kl-research-live-backend,kl-research,ap-northeast-2a,1648102800000,532.5064322916667,2048.0,450,4096,139081,0,0,741655,157071,0,0,552794,21.47,ip-172-19-37-179.ap-northeast-2.compute.internal,
2022-03-24 06:20:00,,,4d454d944227411b908057c1a71032fc,kl-research-live-sfu-gateway,kl-research,ap-northeast-2c,1648102800000,491.8813802083334,2048.0,905,4096,278174,0,0,5749394,181273,0,0,6854977,21.47,ip-172-19-148-46.ap-northeast-2.compute.internal,
2022-03-24 06:19:00,92,0,3afe4ddd503e4a94adbf60ebe5466054,kl-research-live-sfu,kl-research,ap-northeast-2b,1648102740000,372.3441471354167,4096.0,348,8192,2283493,0,0,1508870,2246307,0,0,1288644,21.47,ip-172-19-218-74.ap-northeast-2.compute.internal,2022-03-24 06:18:35
2022-03-24 06:19:00,96,0,c7d35ff1ddda4377a3a30ddf41e91c59,kl-research-live-sfu,kl-research,ap-northeast-2c,1648102740000,533.0954166666667,4096.0,339,8192,2438093,0,0,34104383,1325589,0,0,73968329,21.47,ip-172-19-232-62.ap-northeast-2.compute.internal,2022-03-24 06:18:35
2022-03-24 06:19:00,,,4d454d944227411b908057c1a71032fc,kl-research-live-sfu-gateway,kl-research,ap-northeast-2c,1648102740000,438.8046875,2048.0,706,4096,237416,0,0,5665233,152152,0,0,6753688,21.47,ip-172-19-148-46.ap-northeast-2.compute.internal,
2022-03-24 06:19:00,,,3de5573ab5214e279a551628ec15c34a,kl-research-live-backend,kl-research,ap-northeast-2a,1648102740000,414.97816406249996,2048.0,347,4096,108123,0,0,660106,115787,0,0,455366,21.47,ip-172-19-37-179.ap-northeast-2.compute.internal,
2022-03-24 06:18:00,,,4d454d944227411b908057c1a71032fc,kl-research-live-sfu-gateway,kl-research,ap-northeast-2c,1648102680000,283.17807942708333,2048.0,624,4096,112208,0,0,5604297,70802,0,0,6679940,21.47,ip-172-19-148-46.ap-northeast-2.compute.internal,
2022-03-24 06:18:00,48,0,3afe4ddd503e4a94adbf60ebe5466054,kl-research-live-sfu,kl-research,ap-northeast-2b,1648102680000,159.592294921875,4096.0,177,8192,1627742,0,0,1146520,121240,0,0,921147,21.47,ip-172-19-218-74.ap-northeast-2.compute.internal,2022-03-24 06:17:35
2022-03-24 06:18:00,40,0,c7d35ff1ddda4377a3a30ddf41e91c59,kl-research-live-sfu,kl-research,ap-northeast-2c,1648102680000,211.2254817708333,4096.0,182,8192,1581164,0,0,33744818,75240,0,0,73709581,21.47,ip-172-19-232-62.ap-northeast-2.compute.internal,2022-03-24 06:17:35
2022-03-24 06:18:00,,,3de5573ab5214e279a551628ec15c34a,kl-research-live-backend,kl-research,ap-northeast-2a,1648102680000,303.082578125,2048.0,266,4096,77310,0,0,600980,74715,0,0,384057,21.47,ip-172-19-37-179.ap-northeast-2.compute.internal,
2022-03-24 06:17:00,0,0,3afe4ddd503e4a94adbf60ebe5466054,kl-research-live-sfu,kl-research,ap-northeast-2b,1648102620000,78.33282552083332,4096.0,127,8192,723158,0,0,937241,37611,0,0,884765,21.47,ip-172-19-218-74.ap-northeast-2.compute.internal,2022-03-24 06:16:35
2022-03-24 06:17:00,0,0,c7d35ff1ddda4377a3a30ddf41e91c59,kl-research-live-sfu,kl-research,ap-northeast-2c,1648102620000,86.86937011718749,4096.0,126,8192,499110,0,0,33550448,31106,0,0,73678856,21.47,ip-172-19-232-62.ap-northeast-2.compute.internal,2022-03-24 06:16:35
2022-03-24 06:17:00,,,4d454d944227411b908057c1a71032fc,kl-research-live-sfu-gateway,kl-research,ap-northeast-2c,1648102620000,149.42013346354167,2048.0,548,4096,63347,0,0,5573558,41700,0,0,6641632,21.47,ip-172-19-148-46.ap-northeast-2.compute.internal,
2022-03-24 06:17:00,,,3de5573ab5214e279a551628ec15c34a,kl-research-live-backend,kl-research,ap-northeast-2a,1648102620000,158.84536783854165,2048.0,186,4096,48044,0,0,563581,35396,0,0,339053,21.47,ip-172-19-37-179.ap-northeast-2.compute.internal,
2022-03-24 06:16:00,0,0,c7d35ff1ddda4377a3a30ddf41e91c59,kl-research-live-sfu,kl-research,ap-northeast-2c,1648102560000,2.382471669514974,4096.0,95,8192,1661,0,0,33492819,1301,0,0,73669049,21.47,ip-172-19-232-62.ap-northeast-2.compute.internal,2022-03-24 06:15:35
2022-03-24 06:16:00,,,4d454d944227411b908057c1a71032fc,kl-research-live-sfu-gateway,kl-research,ap-northeast-2c,1648102560000,34.155157063802086,2048.0,519,4096,4601,0,0,5560105,3413,0,0,6625197,21.47,ip-172-19-148-46.ap-northeast-2.compute.internal,
2022-03-24 06:16:00,,,3de5573ab5214e279a551628ec15c34a,kl-research-live-backend,kl-research,ap-northeast-2a,1648102560000,19.24302744547526,2048.0,110,4096,5282,0,0,547632,3147,0,0,320175,21.47,ip-172-19-37-179.ap-northeast-2.compute.internal,
2022-03-24 06:16:00,0,0,3afe4ddd503e4a94adbf60ebe5466054,kl-research-live-sfu,kl-research,ap-northeast-2b,1648102560000,11.660989430745444,4096.0,85,8192,24377,0,0,848262,5983,0,0,870239,21.47,ip-172-19-218-74.ap-northeast-2.compute.internal,2022-03-24 06:15:35
2022-03-24 06:15:00,0,0,c7d35ff1ddda4377a3a30ddf41e91c59,kl-research-live-sfu,kl-research,ap-northeast-2c,1648102500000,2.471754201253255,4096.0,95,8192,1662,0,0,33492424,1301,0,0,73668626,21.47,ip-172-19-232-62.ap-northeast-2.compute.internal,2022-03-24 06:14:35
2022-03-24 06:15:00,0,0,3afe4ddd503e4a94adbf60ebe5466054,kl-research-live-sfu,kl-research,ap-northeast-2b,1648102500000,1.858777364095052,4096.0,81,8192,1566,0,0,845878,1309,0,0,869379,21.47,ip-172-19-218-74.ap-northeast-2.compute.internal,2022-03-24 06:14:35
2022-03-24 06:15:00,,,3de5573ab5214e279a551628ec15c34a,kl-research-live-backend,kl-research,ap-northeast-2a,1648102500000,2.608641866048177,2048.0,106,4096,756,0,0,546741,1312,0,0,319173,21.47,ip-172-19-37-179.ap-northeast-2.compute.internal,
2022-03-24 06:15:00,,,4d454d944227411b908057c1a71032fc,kl-research-live-sfu-gateway,kl-research,ap-northeast-2c,1648102500000,29.246231282552085,2048.0,519,4096,424,0,0,5559532,716,0,0,6624502,21.47,ip-172-19-148-46.ap-northeast-2.compute.internal,
2022-03-24 06:14:00,0,0,c7d35ff1ddda4377a3a30ddf41e91c59,kl-research-live-sfu,kl-research,ap-northeast-2c,1648102440000,2.3057710774739584,4096.0,95,8192,1662,0,0,33492028,1303,0,0,73668204,21.47,ip-172-19-232-62.ap-northeast-2.compute.internal,2022-03-24 06:13:35
2022-03-24 06:14:00,,,3de5573ab5214e279a551628ec15c34a,kl-research-live-backend,kl-research,ap-northeast-2a,1648102440000,2.5227388509114586,2048.0,106,4096,739,0,0,546240,1223,0,0,318638,21.47,ip-172-19-37-179.ap-northeast-2.compute.internal,
2022-03-24 06:14:00,,,4d454d944227411b908057c1a71032fc,kl-research-live-sfu-gateway,kl-research,ap-northeast-2c,1648102440000,28.29236653645833,2048.0,519,4096,425,0,0,5559222,748,0,0,6624110,21.47,ip-172-19-148-46.ap-northeast-2.compute.internal,
2022-03-24 06:14:00,0,0,3afe4ddd503e4a94adbf60ebe5466054,kl-research-live-sfu,kl-research,ap-northeast-2b,1648102440000,1.9668407185872396,4096.0,81,8192,1580,0,0,845472,1317,0,0,868948,21.47,ip-172-19-218-74.ap-northeast-2.compute.internal,2022-03-24 06:13:35
2022-03-24 06:13:00,,,c7d35ff1ddda4377a3a30ddf41e91c59,kl-research-live-sfu,kl-research,ap-northeast-2c,1648102380000,2.4273331197102865,4096.0,95,8192,1665,0,0,33491632,1305,0,0,73667779,21.47,ip-172-19-232-62.ap-northeast-2.compute.internal,
2022-03-24 06:13:00,,,3de5573ab5214e279a551628ec15c34a,kl-research-live-backend,kl-research,ap-northeast-2a,1648102380000,3.0688350423177084,2048.0,106,4096,741,0,0,545749,1217,0,0,318110,21.47,ip-172-19-37-179.ap-northeast-2.compute.internal,
2022-03-24 06:13:00,,,4d454d944227411b908057c1a71032fc,kl-research-live-sfu-gateway,kl-research,ap-northeast-2c,1648102380000,28.161590983072916,2048.0,519,4096,456,0,0,5558908,780,0,0,6623713,21.47,ip-172-19-148-46.ap-northeast-2.compute.internal,
2022-03-24 06:13:00,,,3afe4ddd503e4a94adbf60ebe5466054,kl-research-live-sfu,kl-research,ap-northeast-2b,1648102380000,1.823812204996745,4096.0,81,8192,1565,0,0,845072,1310,0,0,868517,21.47,ip-172-19-218-74.ap-northeast-2.compute.internal,
2022-03-24 06:12:00,,,c7d35ff1ddda4377a3a30ddf41e91c59,kl-research-live-sfu,kl-research,ap-northeast-2c,1648102320000,2.3580972290039064,4096.0,95,8192,1664,0,0,33491234,1302,0,0,73667352,21.47,ip-172-19-232-62.ap-northeast-2.compute.internal,
2022-03-24 06:12:00,,,3de5573ab5214e279a551628ec15c34a,kl-research-live-backend,kl-research,ap-northeast-2a,1648102320000,2.801863810221354,2048.0,106,4096,741,0,0,545256,1218,0,0,317585,21.47,ip-172-19-37-179.ap-northeast-2.compute.internal,
2022-03-24 06:12:00,,,4d454d944227411b908057c1a71032fc,kl-research-live-sfu-gateway,kl-research,ap-northeast-2c,1648102320000,28.658643391927082,2048.0,519,4096,415,0,0,5558592,706,0,0,6623315,21.47,ip-172-19-148-46.ap-northeast-2.compute.internal,
2022-03-24 06:12:00,,,3afe4ddd503e4a94adbf60ebe5466054,kl-research-live-sfu,kl-research,ap-northeast-2b,1648102320000,1.8862835184733073,4096.0,81,8192,1558,0,0,844668,1309,0,0,868086,21.47,ip-172-19-218-74.ap-northeast-2.compute.internal,
2022-03-24 06:11:00,,,3afe4ddd503e4a94adbf60ebe5466054,kl-research-live-sfu,kl-research,ap-northeast-2b,1648102260000,1.8436717732747396,4096.0,81,8192,1561,0,0,844268,1306,0,0,867654,21.47,ip-172-19-218-74.ap-northeast-2.compute.internal,
2022-03-24 06:11:00,,,3de5573ab5214e279a551628ec15c34a,kl-research-live-backend,kl-research,ap-northeast-2a,1648102260000,2.4648218027750652,2048.0,106,4096,742,0,0,544763,1214,0,0,317058,21.47,ip-172-19-37-179.ap-northeast-2.compute.internal,
2022-03-24 06:11:00,,,4d454d944227411b908057c1a71032fc,kl-research-live-sfu-gateway,kl-research,ap-northeast-2c,1648102260000,28.7931201171875,2048.0,519,4096,423,0,0,5558291,721,0,0,6622932,21.47,ip-172-19-148-46.ap-northeast-2.compute.internal,
2022-03-24 06:11:00,,,c7d35ff1ddda4377a3a30ddf41e91c59,kl-research-live-sfu,kl-research,ap-northeast-2c,1648102260000,2.4016064453125003,4096.0,95,8192,1662,0,0,33490837,1304,0,0,73666927,21.47,ip-172-19-232-62.ap-northeast-2.compute.internal,
2022-03-24 06:10:00,,,3afe4ddd503e4a94adbf60ebe5466054,kl-research-live-sfu,kl-research,ap-northeast-2b,1648102200000,1.8979955037434897,4096.0,81,8192,1562,0,0,843866,1304,0,0,867228,21.47,ip-172-19-218-74.ap-northeast-2.compute.internal,
2022-03-24 06:10:00,,,4d454d944227411b908057c1a71032fc,kl-research-live-sfu-gateway,kl-research,ap-northeast-2c,1648102200000,28.513663736979165,2048.0,519,4096,422,0,0,5557983,713,0,0,6622539,21.47,ip-172-19-148-46.ap-northeast-2.compute.internal,
2022-03-24 06:10:00,,,3de5573ab5214e279a551628ec15c34a,kl-research-live-backend,kl-research,ap-northeast-2a,1648102200000,4.325891901652018,2048.0,106,4096,747,0,0,544269,1281,0,0,316533,21.47,ip-172-19-37-179.ap-northeast-2.compute.internal,
2022-03-24 06:10:00,,,c7d35ff1ddda4377a3a30ddf41e91c59,kl-research-live-sfu,kl-research,ap-northeast-2c,1648102200000,2.3922204081217444,4096.0,95,8192,1672,0,0,33490440,1314,0,0,73666501,21.47,ip-172-19-232-62.ap-northeast-2.compute.internal,
2022-03-24 06:09:00,,,3afe4ddd503e4a94adbf60ebe5466054,kl-research-live-sfu,kl-research,ap-northeast-2b,1648102140000,1.9229017130533854,4096.0,81,8192,1570,0,0,843463,1313,0,0,866799,21.47,ip-172-19-218-74.ap-northeast-2.compute.internal,
2022-03-24 06:09:00,,,4d454d944227411b908057c1a71032fc,kl-research-live-sfu-gateway,kl-research,ap-northeast-2c,1648102140000,28.610681152343748,2048.0,519,4096,424,0,0,5557676,721,0,0,6622148,21.47,ip-172-19-148-46.ap-northeast-2.compute.internal,
2022-03-24 06:09:00,,,3de5573ab5214e279a551628ec15c34a,kl-research-live-backend,kl-research,ap-northeast-2a,1648102140000,3.2375501505533855,2048.0,106,4096,757,0,0,543766,1268,0,0,315998,21.47,ip-172-19-37-179.ap-northeast-2.compute.internal,
2022-03-24 06:09:00,,,c7d35ff1ddda4377a3a30ddf41e91c59,kl-research-live-sfu,kl-research,ap-northeast-2c,1648102140000,2.415793914794922,4096.0,95,8192,1660,0,0,33490043,1304,0,0,73666073,21.47,ip-172-19-232-62.ap-northeast-2.compute.internal,
2022-03-24 06:08:00,,,4d454d944227411b908057c1a71032fc,kl-research-live-sfu-gateway,kl-research,ap-northeast-2c,1648102080000,29.039707031250003,2048.0,519,4096,425,0,0,5557366,715,0,0,6621756,21.47,ip-172-19-148-46.ap-northeast-2.compute.internal,
2022-03-24 06:08:00,,,c7d35ff1ddda4377a3a30ddf41e91c59,kl-research-live-sfu,kl-research,ap-northeast-2c,1648102080000,2.4826334635416667,4096.0,95,8192,1664,0,0,33489648,1305,0,0,73665645,21.47,ip-172-19-232-62.ap-northeast-2.compute.internal,
2022-03-24 06:08:00,,,3de5573ab5214e279a551628ec15c34a,kl-research-live-backend,kl-research,ap-northeast-2a,1648102080000,2.680742594401042,2048.0,106,4096,742,0,0,543270,1220,0,0,315466,21.47,ip-172-19-37-179.ap-northeast-2.compute.internal,
2022-03-24 06:08:00,,,3afe4ddd503e4a94adbf60ebe5466054,kl-research-live-sfu,kl-research,ap-northeast-2b,1648102080000,1.6897537231445312,4096.0,81,8192,1563,0,0,843059,1308,0,0,866371,21.47,ip-172-19-218-74.ap-northeast-2.compute.internal,
2022-03-24 06:07:00,,,3de5573ab5214e279a551628ec15c34a,kl-research-live-backend,kl-research,ap-northeast-2a,1648102020000,2.959254252115885,2048.0,106,4096,741,0,0,542776,1221,0,0,314937,21.47,ip-172-19-37-179.ap-northeast-2.compute.internal,
2022-03-24 06:07:00,,,3afe4ddd503e4a94adbf60ebe5466054,kl-research-live-sfu,kl-research,ap-northeast-2b,1648102020000,1.6351125590006512,4096.0,81,8192,1566,0,0,842654,1316,0,0,865939,21.47,ip-172-19-218-74.ap-northeast-2.compute.internal,
2022-03-24 06:07:00,,,c7d35ff1ddda4377a3a30ddf41e91c59,kl-research-live-sfu,kl-research,ap-northeast-2c,1648102020000,2.766546122233073,4096.0,95,8192,1662,0,0,33489251,1303,0,0,73665220,21.47,ip-172-19-232-62.ap-northeast-2.compute.internal,
2022-03-24 06:07:00,,,4d454d944227411b908057c1a71032fc,kl-research-live-sfu-gateway,kl-research,ap-northeast-2c,1648102020000,29.50809814453125,2048.0,519,4096,424,0,0,5557058,718,0,0,6621365,21.47,ip-172-19-148-46.ap-northeast-2.compute.internal,
2022-03-24 06:06:00,,,c7d35ff1ddda4377a3a30ddf41e91c59,kl-research-live-sfu,kl-research,ap-northeast-2c,1648101960000,6.246261037190756,4096.0,95,8192,1661,0,0,33488856,1311,0,0,73664794,21.47,ip-172-19-232-62.ap-northeast-2.compute.internal,
2022-03-24 06:06:00,,,3de5573ab5214e279a551628ec15c34a,kl-research-live-backend,kl-research,ap-northeast-2a,1648101960000,2.623855489095052,2048.0,106,4096,743,0,0,542283,1225,0,0,314410,21.47,ip-172-19-37-179.ap-northeast-2.compute.internal,
2022-03-24 06:06:00,,,4d454d944227411b908057c1a71032fc,kl-research-live-sfu-gateway,kl-research,ap-northeast-2c,1648101960000,29.46078043619792,2048.0,519,4096,422,0,0,5556749,725,0,0,6620973,21.47,ip-172-19-148-46.ap-northeast-2.compute.internal,
2022-03-24 06:06:00,,,3afe4ddd503e4a94adbf60ebe5466054,kl-research-live-sfu,kl-research,ap-northeast-2b,1648101960000,4.169524943033854,4096.0,81,8192,1561,0,0,842247,1305,0,0,865505,21.47,ip-172-19-218-74.ap-northeast-2.compute.internal,
2022-03-24 06:05:00,,,3afe4ddd503e4a94adbf60ebe5466054,kl-research-live-sfu,kl-research,ap-northeast-2b,1648101900000,1.8699432881673177,4096.0,81,8192,1562,0,0,841847,1308,0,0,865076,21.47,ip-172-19-218-74.ap-northeast-2.compute.internal,
2022-03-24 06:05:00,,,c7d35ff1ddda4377a3a30ddf41e91c59,kl-research-live-sfu,kl-research,ap-northeast-2c,1648101900000,2.801254526774089,4096.0,95,8192,1660,0,0,33488461,1304,0,0,73664367,21.47,ip-172-19-232-62.ap-northeast-2.compute.internal,
2022-03-24 06:05:00,,,ec5b013f3bbe4b7e8596f7126b5c7204,kl-research-live-backend,kl-research,ap-northeast-2b,1648101900000,1.209761505126953,2048.0,142,4096,208,0,0,5927954,232,0,0,6602370,21.47,,
2022-03-24 06:05:00,,,3de5573ab5214e279a551628ec15c34a,kl-research-live-backend,kl-research,ap-northeast-2a,1648101900000,2.5758399963378906,2048.0,106,4096,745,0,0,541788,1287,0,0,313881,21.47,ip-172-19-37-179.ap-northeast-2.compute.internal,
2022-03-24 06:05:00,,,c848eca8ac0c49c5af23416a99d080c4,kl-research-live-sfu-gateway,kl-research,ap-northeast-2b,1648101900000,4.53798583984375,2048.0,120,4096,417,0,0,209056,618,0,0,206012,21.47,,
2022-03-24 06:05:00,,,4d454d944227411b908057c1a71032fc,kl-research-live-sfu-gateway,kl-research,ap-northeast-2c,1648101900000,29.22025716145833,2048.0,519,4096,464,0,0,5556440,817,0,0,6620580,21.47,ip-172-19-148-46.ap-northeast-2.compute.internal,
2022-03-24 06:04:00,,,c848eca8ac0c49c5af23416a99d080c4,kl-research-live-sfu-gateway,kl-research,ap-northeast-2b,1648101840000,4.6123486328125,2048.0,120,4096,406,0,0,208946,521,0,0,205872,21.47,,
2022-03-24 06:04:00,,,c7d35ff1ddda4377a3a30ddf41e91c59,kl-research-live-sfu,kl-research,ap-northeast-2c,1648101840000,2.334931640625,4096.0,95,8192,1664,0,0,33488068,1307,0,0,73663941,21.47,ip-172-19-232-62.ap-northeast-2.compute.internal,
2022-03-24 06:04:00,,,3de5573ab5214e279a551628ec15c34a,kl-research-live-backend,kl-research,ap-northeast-2a,1648101840000,2.75726671854655,2048.0,106,4096,758,0,0,541291,1250,0,0,313351,21.47,ip-172-19-37-179.ap-northeast-2.compute.internal,
2022-03-24 06:04:00,,,ec5b013f3bbe4b7e8596f7126b5c7204,kl-research-live-backend,kl-research,ap-northeast-2b,1648101840000,1.0608883158365885,2048.0,142,4096,659,0,0,5927894,756,0,0,6602298,21.47,,
2022-03-24 06:04:00,,,4d454d944227411b908057c1a71032fc,kl-research-live-sfu-gateway,kl-research,ap-northeast-2c,1648101840000,29.459860839843753,2048.0,519,4096,445,0,0,5556115,774,0,0,6620170,21.47,ip-172-19-148-46.ap-northeast-2.compute.internal,
2022-03-24 06:04:00,,,3afe4ddd503e4a94adbf60ebe5466054,kl-research-live-sfu,kl-research,ap-northeast-2b,1648101840000,1.7791180419921873,4096.0,81,8192,1557,0,0,841446,1307,0,0,864646,21.47,ip-172-19-218-74.ap-northeast-2.compute.internal,
2022-03-24 06:03:00,,,ec5b013f3bbe4b7e8596f7126b5c7204,kl-research-live-backend,kl-research,ap-northeast-2b,1648101780000,1.078125508626302,2048.0,142,4096,659,0,0,5927442,755,0,0,6601809,21.47,,
2022-03-24 06:03:00,,,c7d35ff1ddda4377a3a30ddf41e91c59,kl-research-live-sfu,kl-research,ap-northeast-2c,1648101780000,2.3377166748046876,4096.0,95,8192,1671,0,0,33487672,1309,0,0,73663516,21.47,ip-172-19-232-62.ap-northeast-2.compute.internal,
2022-03-24 06:03:00,,,4d454d944227411b908057c1a71032fc,kl-research-live-sfu-gateway,kl-research,ap-northeast-2c,1648101780000,29.578726399739583,2048.0,519,4096,435,0,0,5555800,719,0,0,6619771,21.47,ip-172-19-148-46.ap-northeast-2.compute.internal,
2022-03-24 06:03:00,,,c848eca8ac0c49c5af23416a99d080c4,kl-research-live-sfu-gateway,kl-research,ap-northeast-2b,1648101780000,5.652418111165364,2048.0,120,4096,411,0,0,208616,521,0,0,205452,21.47,,
2022-03-24 06:03:00,,,3de5573ab5214e279a551628ec15c34a,kl-research-live-backend,kl-research,ap-northeast-2a,1648101780000,2.7386798095703124,2048.0,106,4096,770,0,0,540789,1333,0,0,312818,21.47,ip-172-19-37-179.ap-northeast-2.compute.internal,
2022-03-24 06:03:00,,,3afe4ddd503e4a94adbf60ebe5466054,kl-research-live-sfu,kl-research,ap-northeast-2b,1648101780000,1.9013091023763022,4096.0,81,8192,1565,0,0,841047,1306,0,0,864214,21.47,ip-172-19-218-74.ap-northeast-2.compute.internal,
2022-03-24 06:02:00,,,ec5b013f3bbe4b7e8596f7126b5c7204,kl-research-live-backend,kl-research,ap-northeast-2b,1648101720000,1.071088104248047,2048.0,142,4096,663,0,0,5926990,755,0,0,6601321,21.47,,
2022-03-24 06:02:00,,,3de5573ab5214e279a551628ec15c34a,kl-research-live-backend,kl-research,ap-northeast-2a,1648101720000,2.651135050455729,2048.0,106,4096,745,0,0,540281,1219,0,0,312283,21.47,ip-172-19-37-179.ap-northeast-2.compute.internal,
2022-03-24 06:02:00,,,3afe4ddd503e4a94adbf60ebe5466054,kl-research-live-sfu,kl-research,ap-northeast-2b,1648101720000,1.8902282206217447,4096.0,81,8192,1567,0,0,840639,1307,0,0,863786,21.47,ip-172-19-218-74.ap-northeast-2.compute.internal,
2022-03-24 06:02:00,,,c7d35ff1ddda4377a3a30ddf41e91c59,kl-research-live-sfu,kl-research,ap-northeast-2c,1648101720000,2.396766255696615,4096.0,95,8192,1667,0,0,33487274,1303,0,0,73663092,21.47,ip-172-19-232-62.ap-northeast-2.compute.internal,
2022-03-24 06:02:00,,,4d454d944227411b908057c1a71032fc,kl-research-live-sfu-gateway,kl-research,ap-northeast-2c,1648101720000,29.78791259765625,2048.0,519,4096,438,0,0,5555481,716,0,0,6619380,21.47,ip-172-19-148-46.ap-northeast-2.compute.internal,
2022-03-24 06:02:00,,,c848eca8ac0c49c5af23416a99d080c4,kl-research-live-sfu-gateway,kl-research,ap-northeast-2b,1648101720000,5.352649637858073,2048.0,120,4096,414,0,0,208281,523,0,0,205033,21.47,,
2022-03-24 06:01:00,,,4d454d944227411b908057c1a71032fc,kl-research-live-sfu-gateway,kl-research,ap-northeast-2c,1648101660000,29.499717610677084,2048.0,519,4096,432,0,0,5555160,717,0,0,6618988,21.47,ip-172-19-148-46.ap-northeast-2.compute.internal,
2022-03-24 06:01:00,,,ec5b013f3bbe4b7e8596f7126b5c7204,kl-research-live-backend,kl-research,ap-northeast-2b,1648101660000,1.0908694712320963,2048.0,142,4096,663,0,0,5926534,756,0,0,6600832,21.47,,
2022-03-24 06:01:00,,,c848eca8ac0c49c5af23416a99d080c4,kl-research-live-sfu-gateway,kl-research,ap-northeast-2b,1648101660000,4.738091328938801,2048.0,120,4096,426,0,0,207942,587,0,0,204612,21.47,,
2022-03-24 06:01:00,,,3de5573ab5214e279a551628ec15c34a,kl-research-live-backend,kl-research,ap-northeast-2a,1648101660000,2.9693426513671874,2048.0,106,4096,748,0,0,539784,1221,0,0,311757,21.47,ip-172-19-37-179.ap-northeast-2.compute.internal,
2022-03-24 06:01:00,,,3afe4ddd503e4a94adbf60ebe5466054,kl-research-live-sfu,kl-research,ap-northeast-2b,1648101660000,1.776054433186849,4096.0,81,8192,1563,0,0,840232,1308,0,0,863357,21.47,ip-172-19-218-74.ap-northeast-2.compute.internal,
2022-03-24 06:01:00,,,c7d35ff1ddda4377a3a30ddf41e91c59,kl-research-live-sfu,kl-research,ap-northeast-2c,1648101660000,2.271820119222005,4096.0,95,8192,1667,0,0,33486874,1304,0,0,73662668,21.47,ip-172-19-232-62.ap-northeast-2.compute.internal,
2022-03-24 06:00:00,,,c7d35ff1ddda4377a3a30ddf41e91c59,kl-research-live-sfu,kl-research,ap-northeast-2c,1648101600000,2.442247772216797,4096.0,95,8192,1690,0,0,33486474,1311,0,0,73662242,21.47,ip-172-19-232-62.ap-northeast-2.compute.internal,
2022-03-24 06:00:00,,,3de5573ab5214e279a551628ec15c34a,kl-research-live-backend,kl-research,ap-northeast-2a,1648101600000,2.5469632720947266,2048.0,106,4096,750,0,0,539285,1222,0,0,311230,21.47,ip-172-19-37-179.ap-northeast-2.compute.internal,
2022-03-24 06:00:00,,,3afe4ddd503e4a94adbf60ebe5466054,kl-research-live-sfu,kl-research,ap-northeast-2b,1648101600000,1.776670633951823,4096.0,81,8192,1561,0,0,839829,1312,0,0,862927,21.47,ip-172-19-218-74.ap-northeast-2.compute.internal,
2022-03-24 06:00:00,,,c848eca8ac0c49c5af23416a99d080c4,kl-research-live-sfu-gateway,kl-research,ap-northeast-2b,1648101600000,8.921344299316406,2048.0,120,4096,458,0,0,207598,688,0,0,204190,21.47,,
2022-03-24 06:00:00,,,4d454d944227411b908057c1a71032fc,kl-research-live-sfu-gateway,kl-research,ap-northeast-2c,1648101600000,29.7482421875,2048.0,519,4096,434,0,0,5554844,719,0,0,6618596,21.47,ip-172-19-148-46.ap-northeast-2.compute.internal,
2022-03-24 06:00:00,,,ec5b013f3bbe4b7e8596f7126b5c7204,kl-research-live-backend,kl-research,ap-northeast-2b,1648101600000,1.1758625539143879,2048.0,142,4096,719,0,0,5926078,1113,0,0,6600343,21.47,,
